Project_Type,Building_Use_Type,Building_Use_Subtype,Continent,Country,City,Gross_Floor_Area,Total_Users,Floors_Above_Ground,Floors_Below_Ground,Structure_Type,Roof_Type,Mass_Wood,Mass_Straw_Hemp,Mass_Fungi,Mass_Brass_Copper,Mass_Earth,Mass_Bamboo,Mass_Glass,Mass_Stone,Mass_Stone_Wool,Mass_Ceramics,Mass_Metals,Mass_Plastics,Mass_Steel_Reinforcement,Mass_EPS_XPS,Mass_Aluminium,Mass_Concrete_Without_Reinforcement,Mass_Other,Mass_Concrete_With_Reinforcement,Mass_Cement_Mortar,Total_Carbon
missing,Residential,Multi-family house,Europe,Denmark,missing,12520.0,306.0077597404471,6.0,1.0,massive concrete,Flat roof,0.0,0.0,0.0,0.0,0.0,0.0,0.0,0.0,0.0,909986.0,0.0,0.0,996534.0,0.0,0.0,20610178.0,264461.0,0.0,751627.0,91270.79999999999
missing,Non-residential,Office,Europe,Denmark,missing,5083.0,240.45546266468912,5.0,1.0,massive concrete,Flat roof,0.0,0.0,0.0,0.0,0.0,0.0,0.0,0.0,0.0,0.0,277011.0,0.0,394796.0,0.0,0.0,8168760.0,57380.0,0.0,152880.0,36851.75
missing,Non-residential,Office,Europe,Denmark,missing,25067.0,349.91740288937365,6.0,1.0,massive concrete,Flat roof,0.0,0.0,0.0,0.0,0.0,0.0,405893.0,0.0,0.0,0.0,0.0,0.0,2826401.0,0.0,0.0,48428837.0,641135.0,0.0,1500095.0,220088.26000000004
missing,Residential,Multi-family house,Europe,Denmark,missing,3700.0,275.1411738973345,6.0,1.0,massive concrete,Flat roof,0.0,0.0,0.0,0.0,0.0,0.0,0.0,0.0,0.0,333202.0,0.0,0.0,308763.0,0.0,0.0,6219247.0,74596.0,0.0,189761.0,27676.0
missing,Residential,Multi-family house,Europe,Denmark,missing,4246.0,316.5776384283206,7.0,1.0,massive concrete,Flat roof,0.0,0.0,0.0,0.0,0.0,0.0,0.0,0.0,0.0,383868.0,0.0,0.0,141238.0,0.0,0.0,4652174.0,64903.0,0.0,515966.0,25985.519999999997
missing,Residential,Multi-family house,Europe,Denmark,missing,2851.0,99.71493415325321,3.5302277481471576,0.27950403173975236,massive concrete,missing,112858.58756,0.0,0.0,0.0,0.0,0.0,0.0,0.0,0.0,0.0,0.0,0.0,0.0,0.0,0.0,751478.76,270433.09143,0.0,0.0,10875.521130542214
missing,Non-residential,Office,Europe,Denmark,missing,12856.0,450.5761613789416,7.0,2.0,massive concrete,Flat roof,0.0,0.0,0.0,0.0,0.0,0.0,0.0,0.0,0.0,0.0,0.0,0.0,377410.0,0.0,0.0,21059338.0,137568.0,0.0,145000.0,240792.88
missing,Non-residential,Hospital and Health,Europe,Denmark,missing,7867.0,210.67270911528638,4.0,1.0,massive concrete,Flat roof,0.0,0.0,0.0,0.0,0.0,0.0,0.0,0.0,0.0,421265.0,0.0,0.0,120436.0,0.0,0.0,7633067.0,210437.0,0.0,1207488.0,47280.67
missing,Non-residential,Office,Europe,Denmark,missing,6552.0,154.79005267196888,4.452576052636649,0.3340605210920555,massive concrete,missing,0.0,0.0,0.0,0.0,0.0,0.0,0.0,0.0,0.0,0.0,0.0,0.0,0.0,0.0,0.0,1272950.4,217534.02,2321251.68,324976.5,27147.897064424054
missing,Non-residential,School and Daycare,Europe,Denmark,missing,850.0,-36.327958124540324,1.0,0.0,massive concrete,missing,0.0,0.0,0.0,0.0,0.0,0.0,0.0,0.0,57763.0,0.0,0.0,0.0,9678.0,0.0,0.0,247181.0,19236.0,0.0,0.0,16357.2814403
missing,Non-residential,Office,Europe,Denmark,missing,4084.0,118.06338622933441,3.837511038997075,0.297679700848477,massive concrete,missing,66125.0,0.0,0.0,0.0,0.0,0.0,0.0,0.0,0.0,0.0,0.0,0.0,48989.48,0.0,0.0,863835.8,36236.5,0.0,131928.0,98134.40926247316
missing,Non-residential,Hotel & Resort,Europe,Austria,missing,9419.0,275.0,5.0,1.0,massive concrete,Flat roof,0.0,0.0,0.0,0.0,0.0,0.0,0.0,628154.4,0.0,493126.7,0.0,0.0,485072.0,0.0,0.0,8161650.0,0.0,0.0,371782.0,244705.62
missing,Non-residential,Office,Europe,United Kingdom,missing,19414.71,671.1574869684957,12.0,2.0,frame steel,Flat roof,0.0,0.0,0.0,0.0,0.0,0.0,0.0,0.0,0.0,0.0,2364562.0,0.0,1493057.0,0.0,0.0,0.0,0.0,37041927.0,0.0,731287.4099999978
missing,Residential,Multi-family house,Europe,Finland,missing,3537.0,109.92339978520104,3.7011899034780926,0.28961636670210844,frame concrete,Other,0.0,0.0,0.0,0.0,439213.56,0.0,0.0,0.0,0.0,232475.994,0.0,0.0,115863.89,0.0,0.0,2986702.36759999,0.0,1792168.07,0.0,36011.7302396277
missing,Residential,Multi-family house,Europe,Finland,missing,2500.0,94.4916521753907,3.4427529427227292,0.274329936154057,frame concrete,Other,0.0,0.0,0.0,0.0,432012.0,0.0,0.0,0.0,0.0,122659.374,0.0,0.0,146419.82,0.0,0.0,3672485.6364,0.0,0.0,104122.18,32424.099999999995
missing,Residential,Multi-family house,Europe,Finland,missing,2794.0,98.86670887479693,3.5160224378645584,0.2786637939950668,frame concrete,Other,0.0,0.0,0.0,0.0,3177200.0,0.0,0.0,0.0,0.0,198920.0,0.0,0.0,0.0,0.0,0.0,2327472.0,0.0,1313781.0,309051.6,39797.83538823584
missing,Residential,Multi-family house,Europe,Finland,missing,6060.0,147.4685292158197,4.329961795460527,0.3268079426642433,frame concrete,Other,0.0,0.0,0.0,0.0,538721.156069364,0.0,0.0,0.0,0.0,0.0,0.0,0.0,140444.489402697,0.0,0.0,5664827.28323699,0.0,2900287.00385356,666134.699421965,81103.33116198955
missing,Residential,Multi-family house,Europe,Finland,missing,2280.0,91.21780022345408,3.387925429351292,0.27108691327983203,frame concrete,Other,0.0,0.0,0.0,0.0,1891200.0,0.0,0.0,0.0,0.0,0.0,0.0,0.0,47467.0,0.0,0.0,2867712.0,0.0,123172.0,60886.4,30412.1676
missing,Residential,Multi-family house,Europe,Finland,missing,6066.0,147.55781608723612,4.331457091279747,0.32689638874263127,missing,Other,0.0,0.0,0.0,0.0,3877400.0,0.0,0.0,0.0,0.0,0.0,0.0,0.0,0.0,0.0,0.0,3367084.0,0.0,3743727.28641509,0.0,70392.92045132749
missing,Residential,Multi-family house,Europe,Finland,missing,11032.0,221.45758332958727,5.569063597654999,0.4001002596217282,missing,Other,0.0,0.0,0.0,0.0,2361790.0,0.0,0.0,0.0,0.0,0.0,0.0,0.0,0.0,0.0,0.0,8721126.39999999,0.0,4861902.174975,0.0,129515.68000000002
missing,Residential,Multi-family house,Europe,Finland,missing,2678.0,97.14049602741215,3.487113385359619,0.27695383647956634,missing,Other,0.0,0.0,0.0,0.0,4451077.38352941,0.0,0.0,0.0,0.0,0.0,0.0,0.0,0.0,0.0,0.0,1140808.6117647,0.0,2352279.26274509,0.0,24382.9222
missing,Residential,Multi-family house,Europe,Finland,missing,4646.0,126.42658985200885,3.9775704140641093,0.30596415019081535,frame concrete,Other,0.0,0.0,0.0,0.0,495328.0,0.0,0.0,0.0,0.0,0.0,0.0,0.0,0.0,0.0,0.0,4309728.0,161269.806123295,2497607.0,408149.4,52964.4
missing,Residential,Multi-family house,Europe,Finland,missing,1886.0,85.3546290004403,3.289734337222446,0.26527895413235636,frame concrete,Other,0.0,0.0,0.0,0.0,302400.0,0.0,0.0,0.0,0.0,74958.3159999999,0.0,0.0,106000.23,0.0,0.0,2714212.7688,0.0,0.0,95546.733,23348.68
missing,Non-residential,Retail and Restaurant,Europe,Finland,missing,135513.0,2073.877423461509,36.59171674306335,2.2350763069235526,missing,Other,0.0,0.0,0.0,0.0,0.0,0.0,0.0,0.0,0.0,0.0,0.0,0.0,7082503.8,0.0,0.0,199627369.912,1693751.0,22777854.5945945,0.0,1296859.4100000001
missing,Non-residential,Retail and Restaurant,Europe,Finland,missing,9110.0,192.85602218585015,5.090070503564538,0.37176803251145346,missing,Other,0.0,0.0,0.0,0.0,0.0,0.0,0.0,0.0,0.0,0.0,0.0,0.0,0.0,0.0,0.0,3603800.0,0.0,8907312.23076923,0.0,105047.40999999999
missing,Non-residential,Retail and Restaurant,Europe,Finland,missing,2573.0,95.57797577762423,3.4609457085232513,0.2754060301077771,frame concrete,Other,0.0,0.0,0.0,0.0,0.0,0.0,0.0,0.0,0.0,0.0,0.0,0.0,110016.3857,0.0,0.0,3105278.61056,0.0,568066.2607,365825.3692,48398.13
missing,Non-residential,Retail and Restaurant,Europe,Finland,missing,42246.0,685.9576507284496,13.348090881182415,0.8602262414219962,missing,Other,0.0,0.0,0.0,0.0,0.0,0.0,0.0,0.0,0.0,0.0,0.0,0.0,888872.0,0.0,0.0,23604531.0,0.0,16917017.6,1236127.2,626339.196
missing,Non-residential,Retail and Restaurant,Europe,Finland,missing,2493.0,94.3874841587382,3.441008430933638,0.2742267490626044,missing,Other,0.0,0.0,0.0,0.0,7042167.048,0.0,0.0,283419.0,0.0,0.0,0.0,0.0,0.0,0.0,0.0,2043209.252,0.0,189100.0,0.0,72727.020063
missing,Non-residential,Retail and Restaurant,Europe,Finland,missing,884.8,70.45562639008148,3.0402193081884343,0.2505202518520197,frame steel,Other,0.0,0.0,0.0,0.0,1531508.36363636,0.0,0.0,66824.0559440559,0.0,0.0,77958.3564568764,0.0,0.0,0.0,0.0,785313.83048951,0.0,0.0,0.0,15693.961270400001
missing,Non-residential,Retail and Restaurant,Europe,Finland,missing,1941.6,86.18202067556612,3.303590745147228,0.2660985544587514,other,Other,0.0,0.0,0.0,0.0,3339535.68403361,0.0,0.0,90308.8739495798,0.0,0.0,0.0,0.0,0.0,0.0,0.0,1740399.6605042,0.0,83231.8235294117,0.0,38053.356268799966
missing,Non-residential,Retail and Restaurant,Europe,Finland,missing,488.1,64.55227607493032,2.941355332940939,0.24467249196926943,frame concrete,Other,0.0,0.0,0.0,0.0,2115700.0,0.0,0.0,0.0,0.0,0.0,0.0,0.0,0.0,0.0,0.0,249043.2,0.0,16560.0,27388.78,28430.144959800004
missing,Non-residential,Retail and Restaurant,Europe,Finland,missing,8168.0,178.83798337346693,4.855309059946839,0.3578819982045446,missing,Other,0.0,0.0,0.0,0.0,2522549.33853658,0.0,0.0,0.0,0.0,0.0,201976.710243902,0.0,0.0,0.0,0.0,3394533.14341463,251107.827902439,4153782.82610415,0.0,178291.104
missing,Non-residential,Retail and Restaurant,Europe,Finland,missing,5483.6,138.89103710174572,4.186313710427362,0.31831122273377377,missing,Other,0.0,0.0,0.0,0.0,2879849.4,0.0,0.0,0.0,0.0,0.0,0.0,0.0,37.0006017944416,0.0,0.0,5428074.0,0.0,1026250.0,0.0,107312.79077200002
missing,Non-residential,School and Daycare,Europe,Finland,missing,1488.0,79.43193319648225,3.1905463812141193,0.259412030932622,frame wood,Other,187935.903999999,0.0,0.0,0.0,1485327.0,0.0,0.0,0.0,0.0,0.0,0.0,0.0,0.0,0.0,0.0,749070.0,0.0,243685.419999999,60086.418,17327.76
missing,Non-residential,School and Daycare,Europe,Finland,missing,14333.0,270.58024375387265,6.391725514196423,0.4487603437481676,frame concrete,Other,0.0,0.0,0.0,0.0,15125122.9999999,0.0,0.0,0.0,0.0,970856.4990168,0.0,0.0,0.0,0.0,0.0,10829038.0799999,0.0,9174480.0,0.0,217142.0834
missing,Non-residential,School and Daycare,Europe,Finland,missing,10503.0,213.58545749970338,5.437228349593681,0.39230226371052346,missing,Other,0.0,0.0,0.0,0.0,0.0,0.0,0.0,0.0,0.0,569504.0,0.0,0.0,203206.0,0.0,0.0,7267737.46048,0.0,8057126.55999999,421454.06,160464.8339999999
missing,Non-residential,School and Daycare,Europe,Finland,missing,2300.0,91.51542312817563,3.392909748748696,0.27138173354112516,missing,Other,0.0,0.0,0.0,0.0,896092.8,0.0,0.0,0.0,0.0,0.0,0.0,0.0,0.0,0.0,0.0,1528236.0,71032.17,539774.31081081,0.0,24886.0
missing,Non-residential,School and Daycare,Europe,Finland,missing,6501.0,154.03111426492896,4.439866038173269,0.33330872942575795,frame concrete,Other,0.0,0.0,0.0,0.0,0.0,0.0,0.0,0.0,0.0,0.0,0.0,0.0,0.0,0.0,0.0,5992464.0,0.0,3884176.0,416995.2,51292.89000000001
missing,Non-residential,School and Daycare,Europe,Finland,missing,2919.0,100.72685202930637,3.5471744340983298,0.2805064206281491,frame concrete,Other,0.0,0.0,0.0,0.0,3185249.28,0.0,0.0,0.0,0.0,252720.0,0.0,0.0,0.0,0.0,0.0,1912522.08,0.0,1067220.0,0.0,45332.07
missing,Non-residential,School and Daycare,Europe,Finland,missing,5781.0,143.31668969495465,4.26043053986675,0.3226952000192034,missing,Other,260625.594,0.0,0.0,0.0,0.0,0.0,0.0,0.0,0.0,0.0,0.0,0.0,0.0,0.0,0.0,3411182.0,0.0,4165056.0,399201.6,85963.47
missing,Non-residential,School and Daycare,Europe,Finland,missing,9173.0,193.7935343357229,5.1057711096663585,0.37269671633452695,other,Other,0.0,0.0,0.0,0.0,246088.0,0.0,0.0,0.0,0.0,0.0,0.0,0.0,0.0,0.0,0.0,5647771.99999999,0.0,5299000.0,592560.6,118331.69999999998
missing,Non-residential,School and Daycare,Europe,Finland,missing,2015.0,87.27429673589404,3.3218831973356973,0.2671805448176973,frame wood,Other,195482.484021016,0.0,0.0,0.0,77447.04,0.0,0.0,0.0,0.0,0.0,0.0,0.0,0.0,0.0,0.0,1394767.296,65680.9291790068,681436.854,0.0,20311.2
missing,Non-residential,School and Daycare,Europe,Finland,missing,5575.0,140.25117377632307,4.209092050073496,0.3196585513278837,frame concrete,Other,0.0,0.0,0.0,0.0,0.0,0.0,0.0,0.0,0.0,240272.641076233,0.0,0.0,0.0,0.0,0.0,3307462.35982062,99204.5355025426,3077699.16591928,338460.004591928,116015.75
missing,Non-residential,Office,Europe,Finland,missing,23660.0,409.3766853707493,8.716162865175477,0.5862497726022426,frame concrete,Other,0.0,0.0,0.0,0.0,20373494.88,0.0,0.0,0.0,0.0,0.0,0.0,0.0,0.0,0.0,0.0,6597732.88,0.0,9411867.3,0.0,373828.0
missing,Non-residential,Office,Europe,Finland,missing,9481.0,198.37692706843413,5.182529628386369,0.3772369483584419,frame concrete,Other,0.0,0.0,0.0,0.0,0.0,0.0,0.0,0.0,0.0,661122.0,0.0,0.0,0.0,0.0,0.0,5544043.2,0.0,4455004.0,0.0,125528.44000000002
missing,Non-residential,Office,Europe,Finland,missing,10798.0,217.97539534434563,5.510747060705381,0.39665086256459786,missing,Other,0.0,0.0,0.0,0.0,0.0,0.0,0.0,0.0,0.0,0.0,251720.475663365,0.0,0.0,0.0,0.0,10929337.2869949,0.0,887599.34592977,0.0,158406.66000000003
missing,Non-residential,Office,Europe,Finland,missing,36000.0,593.0100175839217,11.791487933373347,0.7681538738201357,frame concrete,Other,0.0,0.0,0.0,0.0,5497190.0,0.0,0.0,0.0,0.0,0.0,1822352.9286775,0.0,0.0,0.0,0.0,11036227.1159999,0.0,16606676.7625056,0.0,462240.0
missing,Non-residential,Office,Europe,Finland,missing,10015.0,206.32345862449844,5.315610956297038,0.3851086493349698,frame concrete,Other,0.0,0.0,0.0,0.0,12393005.44,0.0,0.0,0.0,0.0,0.0,0.0,0.0,0.0,0.0,0.0,4627640.0,0.0,3932138.0,728734.999999999,150525.44999999998
missing,Non-residential,Office,Europe,Finland,missing,55250.0,879.4720633783761,16.588895353374074,1.0519183753148227,frame concrete,Other,0.0,0.0,0.0,0.0,5241417.0,0.0,0.0,0.0,0.0,1169277.0,0.0,0.0,1219502.0,0.0,0.0,70200812.7999999,0.0,0.0,3910000.0,858032.5
missing,Non-residential,Office,Europe,Finland,missing,11416.0,227.17194310024033,5.664762530085143,0.40576080863855724,frame concrete,Other,0.0,0.0,0.0,0.0,800400.0,0.0,0.0,0.0,0.0,0.0,0.0,0.0,0.0,0.0,0.0,16306128.0,0.0,1992371.0,518846.6,201378.24000000002
missing,Non-residential,Office,Europe,Finland,missing,21821.0,382.0102592816065,8.25785469658424,0.5591410495763347,frame concrete,Other,0.0,0.0,0.0,0.0,5746827.18799999,0.0,0.0,0.0,0.0,0.0,0.0,0.0,0.0,0.0,0.0,27556591.72448,0.0,7559130.0,0.0,295019.92
missing,Non-residential,Office,Europe,Finland,missing,7145.0,163.6145717969616,4.600361122769657,0.3428019418393984,frame concrete,Other,0.0,0.0,0.0,0.0,6277000.0,0.0,0.0,0.0,0.0,0.0,0.0,0.0,0.0,0.0,0.0,1459048.4,0.0,3269859.25946153,0.0,97457.8
missing,Non-residential,Office,Europe,Finland,missing,6280.0,150.74238116775626,4.384789308831962,0.33005096553846835,missing,Other,0.0,0.0,0.0,0.0,2084361.28467345,0.0,0.0,0.0,0.0,0.0,0.0,0.0,0.0,0.0,0.0,7914248.22105119,0.0,4231167.867723,0.0,68200.79999999999
missing,Residential,Single family house,Europe,Finland,missing,183.0,4.0,2.0,0.0,frame wood,Gable or saddle roof,45396.0,0.0,0.0,0.0,0.0,0.0,0.0,0.0,0.0,0.0,2328.0,0.0,0.0,0.0,0.0,130091.0,0.0,0.0,2600.0,2397.2999999999984
missing,Residential,Single family house,Europe,Finland,missing,138.0,3.0,1.0,0.0,frame wood,Gable or saddle roof,26732.0,0.0,0.0,0.0,0.0,0.0,0.0,0.0,0.0,0.0,0.0,0.0,0.0,0.0,0.0,26250.0,0.0,0.0,0.0,2069.999999999999
missing,Residential,Single family house,Europe,Finland,missing,155.0,4.0,1.0,0.0,frame wood,Gable or saddle roof,21019.0,0.0,0.0,0.0,0.0,0.0,0.0,0.0,0.0,0.0,2054.0,0.0,0.0,0.0,0.0,26350.0,0.0,0.0,0.0,1612.0
missing,Residential,Single family house,Europe,Finland,missing,142.0,4.0,1.0,0.0,frame wood,Gable or saddle roof,17806.0,0.0,0.0,0.0,0.0,0.0,0.0,0.0,2808.0,0.0,1928.0,0.0,0.0,0.0,0.0,24450.0,0.0,0.0,0.0,2002.1999999999994
missing,Residential,Semi-detached,Europe,Finland,missing,169.0,3.0,1.0,0.0,frame wood,Gable or saddle roof,16177.0,0.0,0.0,0.0,0.0,0.0,0.0,0.0,6337.0,21160.0,0.0,0.0,0.0,0.0,0.0,37965.0,0.0,0.0,0.0,2213.899999999999
missing,Residential,Single family house,Europe,Finland,missing,242.0,2.0,1.0,0.0,massive concrete,Gable or saddle roof,13008.0,0.0,0.0,0.0,0.0,0.0,0.0,0.0,0.0,0.0,0.0,0.0,0.0,0.0,0.0,68600.0,0.0,161600.0,0.0,4307.599999999999
missing,Residential,Single family house,Europe,Finland,missing,230.0,6.0,1.0,0.0,frame wood,Gable or saddle roof,23461.0,0.0,0.0,0.0,0.0,0.0,0.0,0.0,0.0,0.0,0.0,0.0,0.0,0.0,0.0,39080.0,0.0,0.0,0.0,2667.9999999999986
missing,Residential,Single family house,Europe,Finland,missing,168.0,6.0,1.0,0.0,frame steel,Gable or saddle roof,14575.0,0.0,0.0,0.0,0.0,0.0,0.0,0.0,0.0,0.0,3956.0,0.0,0.0,0.0,0.0,7120.0,0.0,0.0,4260.0,2923.1999999999985
missing,Residential,Single family house,Europe,Finland,missing,149.0,2.0,1.0,0.0,frame wood,Gable or saddle roof,12076.0,0.0,0.0,0.0,0.0,0.0,0.0,0.0,0.0,0.0,0.0,0.0,0.0,0.0,0.0,27030.0,0.0,0.0,14772.0,1922.099999999999
missing,Residential,Single family house,Europe,Finland,missing,195.0,6.0,2.0,0.0,frame wood,Single pitched roof,27260.0,0.0,0.0,0.0,0.0,0.0,0.0,0.0,2569.0,1421.0,0.0,0.0,0.0,0.0,0.0,22370.0,0.0,0.0,0.0,2027.9999999999998
missing,Residential,Single family house,Europe,Finland,missing,179.0,2.0,1.0,0.0,frame concrete,Single pitched roof,16154.0,0.0,0.0,0.0,0.0,0.0,0.0,0.0,0.0,0.0,22078.0,0.0,0.0,0.0,0.0,60910.0,0.0,76990.0,13540.0,2738.699999999999
missing,Residential,Single family house,Europe,Finland,missing,195.0,4.0,1.0,0.0,frame wood,Single pitched roof,30394.0,0.0,0.0,0.0,0.0,0.0,0.0,0.0,0.0,0.0,0.0,0.0,0.0,0.0,0.0,26010.0,0.0,0.0,0.0,2339.999999999999
missing,Residential,Single family house,Europe,Finland,missing,227.0,2.0,1.0,0.0,frame steel,Other,21397.0,0.0,0.0,0.0,0.0,0.0,0.0,0.0,0.0,0.0,13916.0,0.0,0.0,0.0,0.0,22529.0,0.0,0.0,0.0,2565.1
missing,Residential,Single family house,Europe,Finland,missing,276.0,4.0,2.0,0.0,frame concrete,Flat roof,10610.0,0.0,0.0,0.0,0.0,0.0,0.0,0.0,0.0,0.0,0.0,0.0,5919.0,0.0,0.0,266098.0,0.0,38223.0,0.0,3808.799999999998
missing,Residential,Single family house,Europe,Finland,missing,264.0,4.0,1.0,0.0,massive wood,Single pitched roof,92873.0,0.0,0.0,0.0,0.0,0.0,0.0,0.0,0.0,0.0,0.0,0.0,0.0,0.0,0.0,79390.0,0.0,27170.0,0.0,1346.3999999999774
missing,Residential,Single family house,Europe,Finland,missing,147.0,3.0,1.0,0.0,frame wood,Gable or saddle roof,30218.0,0.0,0.0,0.0,0.0,0.0,0.0,0.0,0.0,0.0,0.0,0.0,0.0,0.0,0.0,28630.0,0.0,0.0,0.0,1719.8999999999942
missing,Non-residential,Mixed use,Europe,Finland,missing,3134.0,54.0,3.0,0.0,frame concrete,Single pitched roof,0.0,0.0,0.0,0.0,0.0,0.0,0.0,0.0,0.0,292990.0,88590.0,0.0,0.0,0.0,0.0,301790.0,0.0,3283793.0,142890.0,81483.99999999997
missing,Residential,Multi-family house,Europe,Finland,missing,2930.0,68.0,6.0,0.0,frame concrete,Gable or saddle roof,0.0,0.0,0.0,0.0,0.0,0.0,0.0,0.0,0.0,84096.0,0.0,0.0,93289.0,0.0,0.0,3379280.0,0.0,1228348.0,76891.0,58892.99999999997
missing,Residential,Multi-family house,Europe,Finland,missing,2866.0,68.0,6.0,0.0,frame concrete,Single pitched roof,0.0,0.0,0.0,0.0,0.0,0.0,0.0,0.0,0.0,0.0,0.0,0.0,0.0,0.0,0.0,1883670.0,0.0,1612680.0,136710.0,59856.45003520331
New construction,Residential,Single family house,Europe,Italy,Perugia,-84.43013439657966,5.0,2.0,0.0,frame wood,Other,0.0,0.0,0.0,0.0,0.0,0.0,0.0,0.0,0.0,0.0,0.0,0.0,0.0,0.0,0.0,0.0,0.0,515440.0,159180.0,-371.4925913449498
New construction,Non-residential,Office,Oceania,Australia,Perth,4020.0,124.68766763505269,4.0,0.30177889708562233,massive concrete,Flat roof,0.0,0.0,0.0,0.0,0.0,0.0,48320.0,0.0,0.0,870000.0,84700.0,0.0,459420.0,0.0,0.0,0.0,0.0,4426320.0,0.0,0.0
New construction,Residential,missing,Europe,Italy,Turin,19711.05806163178,489.2763828848906,10.0,1.0,massive concrete,missing,0.0,0.0,0.0,0.0,0.0,0.0,0.0,0.0,0.0,573000.0,0.0,0.0,321400.0,0.0,0.0,0.0,0.0,7334000.0,363000.0,1070803.2291981464
New construction,Residential,Single family house,Europe,United Kingdom,"MIdlands, UK",166.43,0.805487363915546,2.0,0.0,massive brick,Gable or saddle roof,0.0,0.0,0.0,0.0,0.0,0.0,0.0,9275.0,0.0,6816.0,0.0,0.0,0.0,0.0,0.0,67890.0,5635.0,0.0,4950.0,0.0
New construction,Residential,missing,Europe,United Kingdom,UK,-186.0669494888184,2.3,2.0,0.17593923329122502,massive brick,Gable or saddle roof,4713.0,0.0,0.0,0.0,0.0,0.0,0.0,7280.0,0.0,82274.0,0.0,0.0,0.0,0.0,0.0,53542.0,0.0,0.0,24845.0,-0.0
New construction,Residential,missing,Europe,United Kingdom,UK,-186.0669494888184,2.3,2.0,0.17593923329122502,massive brick,Gable or saddle roof,3249.0,0.0,0.0,0.0,0.0,0.0,0.0,5051.0,0.0,64308.0,0.0,0.0,0.0,0.0,0.0,40142.0,0.0,0.0,19087.0,-0.0
New construction,Residential,missing,Europe,United Kingdom,UK,-186.0669494888184,2.3,2.0,0.17593923329122502,massive brick,Gable or saddle roof,2303.0,0.0,0.0,0.0,0.0,0.0,0.0,3360.0,0.0,40958.0,0.0,0.0,0.0,0.0,0.0,28742.0,0.0,0.0,11454.0,-0.0
New construction,Residential,Other,Asia,China,Nanjing,-520.430431159306,3.0,1.0,0.0,frame steel,Flat roof,3540.0,0.0,0.0,0.0,0.0,0.0,0.0,0.0,800.0,0.0,470.0,0.0,0.0,0.0,3870.0,575.0,0.0,0.0,0.0,-3643.0130181151417
New construction,Residential,Other,Asia,China,Nanjing,-520.430431159306,3.0,1.0,0.0,frame steel,Flat roof,3540.0,0.0,0.0,0.0,0.0,0.0,0.0,0.0,800.0,0.0,470.0,0.0,0.0,0.0,3870.0,575.0,0.0,0.0,0.0,-3031.507261502957
New construction,Residential,Other,Asia,China,Nanjing,-520.430431159306,3.0,1.0,0.0,frame steel,Flat roof,3540.0,0.0,0.0,0.0,0.0,0.0,0.0,0.0,800.0,0.0,470.0,0.0,0.0,0.0,3870.0,575.0,0.0,0.0,0.0,-2914.410414492111
New construction,Residential,Other,Asia,China,Nanjing,-520.430431159306,3.0,1.0,0.0,frame steel,Flat roof,3540.0,0.0,0.0,0.0,0.0,0.0,0.0,0.0,800.0,0.0,470.0,0.0,0.0,0.0,3870.0,575.0,0.0,0.0,0.0,-2828.5393933508276
New construction,Non-residential,Other,Europe,Switzerland,Fribourg,9302.760895177347,232.48578584060434,6.0,0.4005510043402637,frame wood,Flat roof,1019121.0,93.22,0.0,0.0,0.0,0.0,0.0,129.38,0.0,0.0,0.0,0.0,0.0,0.0,0.0,137.03,0.0,0.0,143.51,91477.14880257717
New construction,Residential,Other,Asia,China,Fuzhou,121732.37971241935,2991.0,50.40853913603947,3.263161517563532,other,missing,0.0,0.0,0.0,0.0,35628792.0,0.0,0.0,0.0,0.0,1465889.1,1902276.0,0.0,0.0,0.0,0.0,37895970.0,0.0,0.0,1850532.0,9372175.914059166
New construction,Non-residential,Other,Asia,Singapore,Singapore,56094.0,204.0,6.0,0.32981632521648735,frame concrete,Flat roof,470.0,0.0,0.0,0.0,0.0,0.0,0.0,0.0,0.0,1090.0,1825930.0,0.0,0.0,0.0,0.0,6168000.0,0.0,0.0,125700.0,1428527.1999999997
New construction,Residential,missing,"Middle East, North Africa, and Greater Arabia",Turkey,Gaziantep,7267.212348437294,100.0,13.0,-0.17644049692056185,massive concrete,Flat roof,66915.0,0.0,0.0,0.0,0.0,0.0,0.0,0.0,17620.0,304174.0,0.0,0.0,264193.0,0.0,0.0,5306640.0,0.0,0.0,0.0,0.0
New construction,Residential,missing,"Middle East, North Africa, and Greater Arabia",Turkey,Gaziantep,1146.9650830355804,30.0,3.0,0.1780144350581071,massive concrete,Flat roof,12510.0,0.0,0.0,0.0,0.0,0.0,0.0,0.0,0.0,45245.0,83053.0,0.0,0.0,0.0,0.0,0.0,0.0,1707500.0,56100.0,0.0
New construction,Residential,missing,"Middle East, North Africa, and Greater Arabia",Turkey,missing,70.0,5.0,1.0,0.0,frame steel,Gable or saddle roof,2222.0,0.0,0.0,0.0,0.0,0.0,0.0,0.0,0.0,2875.0,4304.0,0.0,0.0,0.0,0.0,0.0,0.0,34214.0,484.0,17010.0
New construction,Residential,missing,"Middle East, North Africa, and Greater Arabia",Turkey,missing,21.0,4.0,1.0,0.0,frame steel,Flat roof,600.0,0.0,0.0,0.0,0.0,0.0,0.0,0.0,0.0,0.0,0.0,185.0,1880.0,0.0,0.0,10873.0,0.0,0.0,0.0,9891.0
New construction,Non-residential,Office,North America,USA,"Golden, Colorado",5186.649491702775,134.29292116571565,4.108533078644717,0.313645903285487,massive concrete,missing,0.0,0.0,0.0,0.0,0.0,0.0,0.0,6000000.0,0.0,84000.0,0.0,0.0,1904762.0,110000.0,0.0,32812280.0,0.0,0.0,0.0,817415.9598923572
New construction,Non-residential,Office,Europe,Switzerland,Givisiez,2774.755547984856,76.74753784503974,3.0,0.26272331657931486,massive wood,missing,144200.0,0.0,0.0,0.0,0.0,0.0,0.0,50000.0,0.0,0.0,0.0,0.0,12600.0,55000.0,0.0,792650.0,0.0,0.0,0.0,88792.1775355154
New construction,Non-residential,Office,South America,Brazil,Campinas,1005.21,28.90235093600448,2.636585148645193,0.0,frame steel,Other,13604.33,0.0,0.0,0.0,0.0,0.0,38159.52,0.0,0.0,0.0,0.0,3731.03,782323.81,0.0,0.0,472490.24,0.0,0.0,0.0,35946.3096
New construction,Non-residential,Office,South America,Brazil,Campinas,1005.21,28.90235093600448,2.636585148645193,0.0,frame steel,Other,13604.33,0.0,0.0,0.0,0.0,0.0,38159.52,0.0,0.0,0.0,0.0,3731.03,782323.81,0.0,0.0,472490.24,0.0,0.0,0.0,36187.56
New construction,Residential,Multi-family house,Asia,China,Harbin,17558.0,718.8955684033918,16.0,1.0,frame concrete,missing,0.0,0.0,0.0,0.0,0.0,0.0,0.0,495399.94,0.0,0.0,0.0,1343550.0,897460.0,0.0,0.0,27888789.5,0.0,0.0,4545976.5,1242579.66
New construction,Residential,Multi-family house,Asia,China,Harbin,17558.0,718.8955684033918,16.0,1.0,frame concrete,missing,0.0,0.0,0.0,0.0,0.0,0.0,0.0,495399.94,0.0,0.0,0.0,1343550.0,897460.0,0.0,0.0,27888789.5,0.0,0.0,4545976.5,1318605.7999999998
New construction,Residential,Multi-family house,Asia,China,Harbin,17558.0,718.8955684033918,16.0,1.0,frame concrete,missing,0.0,0.0,0.0,0.0,0.0,0.0,0.0,495399.94,0.0,0.0,0.0,1343550.0,897460.0,0.0,0.0,27888789.5,0.0,0.0,4545976.5,1054884.64
New construction,Residential,Multi-family house,Asia,China,Harbin,17558.0,718.8955684033918,16.0,1.0,frame concrete,missing,0.0,0.0,0.0,0.0,0.0,0.0,0.0,495399.94,0.0,0.0,0.0,1343550.0,897460.0,0.0,0.0,27888789.5,0.0,0.0,4545976.5,917229.9199999999
New construction,Residential,Multi-family house,Asia,China,Harbin,17558.0,718.8955684033918,16.0,1.0,frame concrete,missing,0.0,0.0,0.0,0.0,0.0,0.0,0.0,495399.94,0.0,0.0,0.0,1343550.0,897460.0,0.0,0.0,27888789.5,0.0,0.0,4545976.5,753413.7799999999
New construction,Residential,Single family house,Europe,Italy,missing,1700.2846291442106,45.69906070567208,3.0,0.0,massive concrete,Gable or saddle roof,0.0,0.0,0.0,0.0,0.0,0.0,0.0,17477.0,0.0,233654.0,32383.0,22893.0,0.0,0.0,0.0,833186.0,0.0,0.0,0.0,98701.52272182143
New construction,Residential,missing,Europe,Switzerland,Chur,406.0,4.0,2.0,1.0,frame wood,missing,15554.0,0.0,0.0,0.0,0.0,0.0,0.0,18800.0,0.0,21958.0,0.0,0.0,0.0,0.0,0.0,0.0,19769.0,302608.0,0.0,0.0
New construction,Residential,missing,North America,USA,New Jersey,317.0,105.19927989743903,2.0,1.0,frame wood,missing,14000.0,0.0,0.0,0.0,0.0,0.0,0.0,29724.0,0.0,0.0,0.0,0.0,3106.0,0.0,0.0,165500.0,10496.0,0.0,0.0,0.0
New construction,Residential,missing,South America,Colombia,Pamplona,-119.33750654621917,4.0,2.0,0.0,frame concrete,missing,3025.0,0.0,0.0,0.0,0.0,0.0,0.0,0.0,0.0,24800.0,5500.0,0.0,0.0,0.0,0.0,106080.0,0.0,0.0,3500.0,-0.0
New construction,Residential,missing,Europe,Spain,Barcelona,-119.33750654621917,4.0,2.0,0.0,frame concrete,missing,2475.0,0.0,0.0,0.0,0.0,0.0,0.0,0.0,0.0,25410.0,3500.0,0.0,0.0,0.0,0.0,79980.0,0.0,0.0,3200.0,-0.0
New construction,Residential,missing,Europe,Portugal,"Coimbra, Portugal",-119.33750654621917,4.0,2.0,0.0,frame concrete,Flat roof,2170.0,0.0,0.0,0.0,0.0,0.0,0.0,35496.0,0.0,47406.0,0.0,0.0,0.0,0.0,0.0,0.0,0.0,102224.0,45580.0,-0.0
New construction,Residential,Single family house,Europe,Italy,Turin,192.0,0.8949724659573235,2.0,0.0,massive brick,Single pitched roof,0.0,0.0,0.0,0.0,0.0,0.0,0.0,0.0,0.0,86018.0,0.0,0.0,8.49,0.0,0.0,261353.0,9.67,0.0,13330.0,10018.560000000001
New construction,Residential,Row house,Europe,Italy,Turin,165.0,0.8004829174579982,2.0,0.0,massive brick,Single pitched roof,0.0,0.0,0.0,0.0,0.0,0.0,0.0,0.0,0.0,77190.0,0.0,0.0,6.08,0.0,0.0,222139.0,9.65,0.0,15423.0,7893.6
New construction,Residential,Multi-family house,Europe,Italy,Turin,1256.0,148.0110923010263,3.0,1.0,massive brick,Single pitched roof,0.0,0.0,0.0,0.0,0.0,0.0,0.0,0.0,0.0,361402.0,0.0,0.0,42.18,0.0,0.0,2023390.0,55.42,0.0,125261.0,43570.64
New construction,Residential,Multi-family house,Europe,Italy,Turin,2968.0,312.10513313268586,7.0,1.0,massive brick,Single pitched roof,0.0,0.0,0.0,0.0,0.0,0.0,0.0,0.0,0.0,1153879.0,0.0,0.0,80.66,0.0,0.0,3781590.0,157.79,0.0,309882.0,117859.28
New construction,Residential,Single family house,Europe,Italy,Florence,192.0,0.8949724659573235,2.0,0.0,massive brick,Single pitched roof,0.0,0.0,0.0,0.0,0.0,0.0,0.0,0.0,0.0,86018.0,0.0,0.0,8.49,0.0,0.0,261353.0,9.67,0.0,13330.0,9534.72
New construction,Residential,Row house,Europe,Italy,Florence,165.0,0.8004829174579982,2.0,0.0,massive brick,Single pitched roof,0.0,0.0,0.0,0.0,0.0,0.0,0.0,0.0,0.0,77190.0,0.0,0.0,6.08,0.0,0.0,222139.0,9.65,0.0,15423.0,7400.250000000002
New construction,Residential,Multi-family house,Europe,Italy,Florence,1256.0,148.0110923010263,3.0,1.0,massive brick,Single pitched roof,0.0,0.0,0.0,0.0,0.0,0.0,0.0,0.0,0.0,361402.0,0.0,0.0,42.18,0.0,0.0,2023390.0,55.42,0.0,125261.0,43570.64
New construction,Residential,Multi-family house,Europe,Italy,Florence,2968.0,312.10513313268586,7.0,1.0,massive brick,Single pitched roof,0.0,0.0,0.0,0.0,0.0,0.0,0.0,0.0,0.0,1153879.0,0.0,0.0,80.66,0.0,0.0,3781590.0,157.79,0.0,309882.0,114475.76
New construction,Residential,Single family house,Europe,Italy,Bari,192.0,0.8949724659573235,2.0,0.0,massive brick,Single pitched roof,0.0,0.0,0.0,0.0,0.0,0.0,0.0,0.0,0.0,86018.0,0.0,0.0,8.49,0.0,0.0,261353.0,9.67,0.0,13330.0,8935.68
New construction,Residential,Row house,Europe,Italy,Bari,165.0,0.8004829174579982,2.0,0.0,massive brick,Single pitched roof,0.0,0.0,0.0,0.0,0.0,0.0,0.0,0.0,0.0,77190.0,0.0,0.0,6.08,0.0,0.0,222139.0,9.65,0.0,15423.0,6883.8
New construction,Residential,Multi-family house,Europe,Italy,Bari,1256.0,148.0110923010263,3.0,1.0,massive brick,Single pitched roof,0.0,0.0,0.0,0.0,0.0,0.0,0.0,0.0,0.0,361402.0,0.0,0.0,42.18,0.0,0.0,2023390.0,55.42,0.0,125261.0,40305.04
New construction,Residential,Multi-family house,Europe,Italy,Bari,2968.0,312.10513313268586,7.0,1.0,massive brick,Single pitched roof,0.0,0.0,0.0,0.0,0.0,0.0,0.0,0.0,0.0,1153879.0,0.0,0.0,80.66,0.0,0.0,3781590.0,157.79,0.0,309882.0,110350.24
New construction,Residential,Single family house,Europe,Italy,Piedmont,367.0,4.0,2.0,1.0,frame concrete,Other,0.0,0.0,0.0,0.0,0.0,0.0,115600.0,0.0,0.0,0.0,431000.0,288400.0,0.0,0.0,274900.0,493000.0,0.0,0.0,0.0,0.0
New construction,Residential,Single family house,South America,Chile,Punto Arenas,-485.5230590096664,4.0,1.0,0.0,frame concrete,Flat roof,0.0,0.0,0.0,0.0,0.0,0.0,0.0,850.0,0.0,1929.0,2892.0,0.0,1136.0,0.0,0.0,7229.0,0.0,0.0,0.0,-0.0
New construction,Residential,Single family house,South America,Chile,Puerto Montt,-485.5230590096664,4.0,1.0,0.0,frame concrete,Flat roof,0.0,0.0,0.0,0.0,0.0,0.0,0.0,850.0,0.0,1929.0,2892.0,0.0,1136.0,0.0,0.0,7229.0,0.0,0.0,0.0,-0.0
New construction,Residential,Single family house,South America,Chile,Santiago,-485.5230590096664,4.0,1.0,0.0,frame concrete,Flat roof,0.0,0.0,0.0,0.0,0.0,0.0,0.0,850.0,0.0,1929.0,2892.0,0.0,1136.0,0.0,0.0,7229.0,0.0,0.0,0.0,-0.0
New construction,Residential,Single family house,South America,Chile,Antofagasta,-485.5230590096664,4.0,1.0,0.0,frame concrete,Flat roof,0.0,0.0,0.0,0.0,0.0,0.0,0.0,850.0,0.0,1929.0,2892.0,0.0,1136.0,0.0,0.0,7229.0,0.0,0.0,0.0,-0.0
New construction,Non-residential,Office,Asia,China,Nanjing,37835.81989076255,958.0681243792421,15.0,3.0,massive concrete,Flat roof,0.0,0.0,0.0,0.0,0.0,0.0,0.0,0.0,0.0,11424000.0,0.0,0.0,0.0,0.0,0.0,11961000.0,0.0,0.0,1896000.0,0.0
New construction,Non-residential,Office,Europe,Sweden,Gävle,3537.0,122.62520658175754,4.0,0.29819596376104623,massive concrete,Gable or saddle roof,23820.0,0.0,0.0,0.0,0.0,0.0,44130.0,0.0,0.0,0.0,60270.0,0.0,0.0,0.0,0.0,0.0,0.0,3004250.0,87270.0,0.0
New construction,Non-residential,Office,Europe,Sweden,Gävle,3537.0,122.62520658175754,4.0,0.29819596376104623,massive concrete,Gable or saddle roof,23820.0,0.0,0.0,0.0,0.0,0.0,44130.0,0.0,0.0,0.0,60270.0,0.0,0.0,0.0,0.0,0.0,0.0,3004250.0,87270.0,0.0
New construction,Non-residential,Office,Europe,Sweden,Gävle,3537.0,122.62520658175754,4.0,0.29819596376104623,massive concrete,Gable or saddle roof,23820.0,0.0,0.0,0.0,0.0,0.0,44130.0,0.0,0.0,0.0,60270.0,0.0,0.0,0.0,0.0,0.0,0.0,3004250.0,87270.0,0.0
New construction,Non-residential,Office,Europe,Sweden,Gävle,3537.0,122.62520658175754,4.0,0.29819596376104623,massive concrete,Gable or saddle roof,23820.0,0.0,0.0,0.0,0.0,0.0,44130.0,0.0,0.0,0.0,60270.0,0.0,0.0,0.0,0.0,0.0,0.0,3004250.0,87270.0,0.0
New construction,Non-residential,Office,Europe,Sweden,Gävle,3537.0,122.62520658175754,4.0,0.29819596376104623,massive concrete,Gable or saddle roof,23820.0,0.0,0.0,0.0,0.0,0.0,44130.0,0.0,0.0,0.0,60270.0,0.0,0.0,0.0,0.0,0.0,0.0,3004250.0,87270.0,0.0
New construction,Non-residential,Office,Europe,Sweden,Gävle,3537.0,122.62520658175754,4.0,0.29819596376104623,massive concrete,Gable or saddle roof,23820.0,0.0,0.0,0.0,0.0,0.0,44130.0,0.0,0.0,0.0,60270.0,0.0,0.0,0.0,0.0,0.0,0.0,3004250.0,87270.0,0.0
New construction,Non-residential,Office,Europe,Sweden,Gävle,3537.0,122.62520658175754,4.0,0.29819596376104623,massive concrete,Gable or saddle roof,23820.0,0.0,0.0,0.0,0.0,0.0,44130.0,0.0,0.0,0.0,60270.0,0.0,0.0,0.0,0.0,0.0,0.0,3004250.0,87270.0,0.0
New construction,Non-residential,Office,Europe,Sweden,Gävle,3537.0,122.62520658175754,4.0,0.29819596376104623,massive concrete,Gable or saddle roof,23820.0,0.0,0.0,0.0,0.0,0.0,44130.0,0.0,0.0,0.0,60270.0,0.0,0.0,0.0,0.0,0.0,0.0,3004250.0,87270.0,0.0
New construction,Non-residential,Office,Europe,Sweden,Gävle,3537.0,122.62520658175754,4.0,0.29819596376104623,massive concrete,Gable or saddle roof,23820.0,0.0,0.0,0.0,0.0,0.0,44130.0,0.0,0.0,0.0,60270.0,0.0,0.0,0.0,0.0,0.0,0.0,3004250.0,87270.0,0.0
New construction,Non-residential,Office,Europe,Sweden,Gävle,3537.0,122.62520658175754,4.0,0.29819596376104623,massive concrete,Gable or saddle roof,23820.0,0.0,0.0,0.0,0.0,0.0,44130.0,0.0,0.0,0.0,60270.0,0.0,0.0,0.0,0.0,0.0,0.0,3004250.0,87270.0,0.0
New construction,Non-residential,Office,Europe,Sweden,Gävle,3537.0,122.62520658175754,4.0,0.29819596376104623,massive concrete,Gable or saddle roof,23820.0,0.0,0.0,0.0,0.0,0.0,44130.0,0.0,0.0,0.0,60270.0,0.0,0.0,0.0,0.0,0.0,0.0,3004250.0,87270.0,0.0
New construction,Non-residential,Office,Europe,Sweden,Gävle,3537.0,122.62520658175754,4.0,0.29819596376104623,massive concrete,Gable or saddle roof,23820.0,0.0,0.0,0.0,0.0,0.0,44130.0,0.0,0.0,0.0,60270.0,0.0,0.0,0.0,0.0,0.0,0.0,3004250.0,87270.0,0.0
New construction,Non-residential,Office,Europe,Sweden,Gävle,3537.0,122.62520658175754,4.0,0.29819596376104623,massive concrete,Gable or saddle roof,23820.0,0.0,0.0,0.0,0.0,0.0,44130.0,0.0,0.0,0.0,60270.0,0.0,0.0,0.0,0.0,0.0,0.0,3004250.0,87270.0,0.0
New construction,Residential,missing,Europe,France,France,5186.649491702775,134.29292116571565,4.108533078644717,0.313645903285487,massive concrete,Flat roof,43348.6,0.0,0.0,0.0,0.0,0.0,0.0,0.0,0.0,0.0,18808.65,16739.6,0.0,0.0,0.0,430176.65,0.0,7860629.0,0.0,0.0
New construction,Residential,missing,Europe,France,France,5186.649491702775,134.29292116571565,4.108533078644717,0.313645903285487,massive concrete,Flat roof,82873.6,0.0,0.0,0.0,0.0,0.0,0.0,0.0,0.0,0.0,86487.0,10295.7,0.0,0.0,0.0,1589018.5,0.0,10606168.0,0.0,0.0
New construction,Residential,missing,Europe,France,France,5186.649491702775,134.29292116571565,4.108533078644717,0.313645903285487,massive concrete,Flat roof,40187.5,0.0,0.0,0.0,0.0,0.0,0.0,0.0,11280.5,7438.2,0.0,0.0,0.0,0.0,0.0,271482.9,0.0,1962856.5,0.0,0.0
New construction,Residential,missing,Europe,France,France,5186.649491702775,134.29292116571565,4.108533078644717,0.313645903285487,frame concrete,Flat roof,104622.0,0.0,0.0,0.0,0.0,0.0,0.0,322910.0,0.0,0.0,0.0,35442.3,0.0,0.0,0.0,536158.5,0.0,8842297.0,0.0,0.0
New construction,Residential,missing,Europe,France,France,5186.649491702775,134.29292116571565,4.108533078644717,0.313645903285487,frame concrete,Flat roof,34330.1,0.0,0.0,0.0,0.0,0.0,0.0,104794.0,0.0,75498.0,0.0,0.0,0.0,0.0,0.0,284817.78,0.0,3064178.4,0.0,0.0
New construction,Residential,missing,Europe,France,France,5186.649491702775,134.29292116571565,4.108533078644717,0.313645903285487,massive concrete,Flat roof,24595.11,0.0,0.0,0.0,0.0,0.0,0.0,267920.0,0.0,295025.0,0.0,0.0,0.0,0.0,0.0,77080.8,0.0,1397475.5,0.0,0.0
New construction,Residential,missing,Europe,France,France,5186.649491702775,134.29292116571565,4.108533078644717,0.313645903285487,massive concrete,Flat roof,53540.72,0.0,0.0,0.0,0.0,0.0,0.0,53540.72,10888.3,0.0,0.0,0.0,0.0,0.0,0.0,185489.8,0.0,413075.0,0.0,0.0
New construction,Residential,missing,Europe,France,France,5186.649491702775,134.29292116571565,4.108533078644717,0.313645903285487,massive concrete,Flat roof,16884.5,0.0,0.0,0.0,0.0,0.0,0.0,243300.0,18111.7,0.0,0.0,0.0,0.0,0.0,0.0,413387.5,0.0,3827175.0,0.0,0.0
New construction,Residential,missing,Europe,France,France,5186.649491702775,134.29292116571565,4.108533078644717,0.313645903285487,frame concrete,Flat roof,17552.53,0.0,0.0,0.0,0.0,0.0,0.0,31822.0,26741.2,0.0,0.0,0.0,0.0,0.0,0.0,321071.25,0.0,5356654.5,0.0,0.0
New construction,Residential,missing,Europe,France,Auxone,5186.649491702775,134.29292116571565,4.108533078644717,0.313645903285487,frame concrete,missing,4706.5,0.0,0.0,0.0,0.0,0.0,0.0,69729.0,0.0,48605.0,0.0,0.0,0.0,0.0,0.0,44097.75,0.0,108782.0,0.0,0.0
New construction,Residential,missing,Europe,France,Bois d´Arcy,5186.649491702775,134.29292116571565,4.108533078644717,0.313645903285487,massive wood,missing,53925.0,0.0,0.0,0.0,0.0,0.0,0.0,29715.0,0.0,0.0,81616.0,0.0,0.0,0.0,0.0,0.0,0.0,249600.0,156516.0,0.0
New construction,Residential,missing,Europe,France,Billom,5186.649491702775,134.29292116571565,4.108533078644717,0.313645903285487,frame concrete,missing,56910.0,0.0,0.0,0.0,0.0,0.0,0.0,29715.0,0.0,0.0,7696.0,0.0,0.0,0.0,0.0,138611.56,0.0,337000.0,0.0,0.0
New construction,Residential,missing,Europe,France,Souille,5186.649491702775,134.29292116571565,4.108533078644717,0.313645903285487,massive brick,missing,4590.0,0.0,0.0,0.0,0.0,0.0,0.0,0.0,0.0,9167.0,2200.0,0.0,0.0,0.0,0.0,0.0,0.0,64585.0,0.0,0.0
New construction,Residential,missing,Europe,France,La Chapelle Themer,5186.649491702775,134.29292116571565,4.108533078644717,0.313645903285487,massive brick,missing,3132.0,0.0,0.0,0.0,0.0,0.0,0.0,0.0,0.0,51623.0,610.0,0.0,0.0,0.0,0.0,0.0,0.0,104808.0,44645.0,0.0
New construction,Residential,missing,Europe,France,Baillet,5186.649491702775,134.29292116571565,4.108533078644717,0.313645903285487,massive concrete,missing,2416.0,0.0,0.0,0.0,0.0,0.0,0.0,11310.0,0.0,0.0,18887.0,0.0,0.0,0.0,0.0,0.0,0.0,111795.0,98155.0,0.0
New construction,Residential,missing,Europe,France,Lemuy,5186.649491702775,134.29292116571565,4.108533078644717,0.313645903285487,massive brick,missing,2637.0,0.0,0.0,0.0,0.0,0.0,0.0,43200.0,0.0,27780.0,0.0,0.0,0.0,0.0,0.0,0.0,0.0,59898.0,25300.0,0.0
New construction,Residential,missing,Europe,France,La Colle Sur Loup,5186.649491702775,134.29292116571565,4.108533078644717,0.313645903285487,massive concrete,Flat roof,1260.0,0.0,0.0,0.0,0.0,0.0,0.0,29000.0,0.0,0.0,43815.0,0.0,0.0,0.0,0.0,0.0,0.0,112045.0,94040.0,0.0
New construction,Residential,missing,Europe,France,Gigean,5186.649491702775,134.29292116571565,4.108533078644717,0.313645903285487,massive concrete,missing,5198.0,0.0,0.0,0.0,0.0,0.0,0.0,1632.0,0.0,6408.0,0.0,0.0,0.0,0.0,0.0,0.0,0.0,117516.0,56410.0,0.0
New construction,Residential,missing,Europe,France,Montbeliard,5186.649491702775,134.29292116571565,4.108533078644717,0.313645903285487,massive brick,Flat roof,0.0,0.0,0.0,0.0,0.0,0.0,0.0,11600.0,0.0,62697.0,2312.0,0.0,0.0,0.0,0.0,0.0,0.0,124492.0,43009.0,0.0
New construction,Residential,missing,Europe,France,Saint Gilles Croix de Vie,5186.649491702775,134.29292116571565,4.108533078644717,0.313645903285487,massive brick,missing,0.0,0.0,0.0,0.0,0.0,0.0,0.0,13422.0,0.0,56592.0,368.0,0.0,0.0,0.0,0.0,0.0,0.0,59027.0,30855.0,0.0
New construction,Non-residential,Office,Europe,Austria,Vienna,12682.0,204.29925959214538,5.0,0.3958634728901429,massive brick,Flat roof,0.0,0.0,0.0,0.0,0.0,0.0,0.0,0.0,0.0,0.0,0.0,0.0,0.0,0.0,0.0,6985592.0,0.0,6309207.0,642417.0,0.0
New construction,Non-residential,Office,Europe,Austria,Vienna,2355.0,349.48554630401577,8.0,1.0,massive wood,Flat roof,137759.0,0.0,0.0,0.0,0.0,0.0,0.0,0.0,0.0,0.0,0.0,0.0,0.0,0.0,0.0,485070.0,0.0,1525072.0,0.0,0.0
New construction,Non-residential,School and Daycare,Europe,Germany,Hohen Neuendorf,7414.0,53.93253362183785,2.0,0.26729755628106694,massive concrete,Flat roof,0.0,0.0,0.0,0.0,0.0,0.0,0.0,0.0,0.0,0.0,378000.0,0.0,0.0,0.0,0.0,0.0,905000.0,9528000.0,0.0,0.0
New construction,Non-residential,School and Daycare,Europe,Germany,Diedorf,17292.0,164.60520900025475,2.0,1.0,massive wood,Gable or saddle roof,1150000.0,0.0,0.0,0.0,0.0,0.0,0.0,0.0,0.0,0.0,622000.0,0.0,0.0,0.0,0.0,0.0,0.0,11184000.0,0.0,0.0
New construction,Non-residential,Office,Europe,Denmark,missing,33000.0,481.54668790169694,6.0,2.0,frame concrete,Flat roof,0.0,0.0,0.0,0.0,0.0,0.0,1014920.3,0.0,761190.23,0.0,4059681.2,0.0,0.0,0.0,0.0,0.0,7104442.1,38566971.4,0.0,0.0
New construction,Residential,Multi-family house,Asia,South Korea,Seoul ,5040.0,132.28976107502262,4.075761506192955,0.311772109338291,frame concrete,Flat roof,0.0,0.0,0.0,0.0,0.0,0.0,0.0,0.0,0.0,0.0,0.0,0.0,0.0,0.0,0.0,0.0,0.0,8700000.0,1000000.0,0.0
New construction,Non-residential,Office,Europe,Austria,Vienna,10526.25,600.5256417421886,11.0,2.0,frame concrete,Flat roof,0.0,0.0,0.0,0.0,0.0,0.0,0.0,0.0,0.0,0.0,0.0,0.0,0.0,0.0,0.0,0.0,0.0,20321297.0,0.0,0.0
New construction,Residential,Multi-family house,Europe,Sweden,Sollentuna,7126.7591127798505,180.57303650874948,5.0,0.35460844175328077,massive concrete,Flat roof,90000.0,0.0,0.0,0.0,0.0,0.0,0.0,0.0,0.0,0.0,120000.0,0.0,0.0,0.0,0.0,150000.0,0.0,12528540.0,115000.0,0.0
New construction,Residential,Multi-family house,Europe,Sweden,Sollentuna,7126.7591127798505,180.57303650874948,5.0,0.35460844175328077,massive concrete,Flat roof,85000.0,0.0,0.0,0.0,0.0,0.0,50000.0,0.0,0.0,0.0,105000.0,0.0,0.0,0.0,0.0,0.0,0.0,11470490.0,0.0,0.0
New construction,Residential,Single family house,Europe,Sweden,Uppsala,-126.85378909397855,4.0,2.0,0.17902064302262952,massive concrete,Gable or saddle roof,0.0,0.0,0.0,0.0,0.0,0.0,0.0,0.0,2320.0,0.0,0.0,0.0,0.0,0.0,0.0,119165.0,4862.0,0.0,4749.0,-0.0
New construction,Non-residential,School and Daycare,Europe,United Kingdom,Cambridge,195.0,-38.62020457887578,1.0,0.0,frame wood,Flat roof,28000.0,0.0,0.0,0.0,0.0,0.0,0.0,0.0,0.0,0.0,0.0,0.0,0.0,0.0,0.0,0.0,43000.0,166000.0,0.0,0.0
Existing building,Residential,Single family house,North America,USA,Ann Arbor,-161.32615310172082,4.0,2.0,1.0,frame wood,Gable or saddle roof,15000.0,0.0,0.0,0.0,60000.0,0.0,0.0,0.0,0.0,0.0,0.0,0.0,0.0,0.0,0.0,172000.0,0.0,0.0,0.0,-0.0
New construction,Residential,Single family house,North America,USA,Ann Arbor,-161.32615310172082,4.0,2.0,1.0,frame wood,Gable or saddle roof,22000.0,0.0,0.0,0.0,148000.0,0.0,0.0,0.0,0.0,0.0,0.0,0.0,0.0,0.0,0.0,98000.0,0.0,0.0,0.0,-0.0
New construction,Residential,Single family house,Oceania,Australia,Melbourne,151.2,-38.77348762421913,1.0,0.0,frame wood,missing,6050.0,0.0,0.0,0.0,0.0,0.0,0.0,0.0,0.0,14264.4,0.0,0.0,787.5,0.0,0.0,38585.8,0.0,0.0,4068.0,1233.792
New construction,Residential,Single family house,Oceania,Australia,Melbourne,151.2,-38.77348762421913,1.0,0.0,frame wood,missing,4785.0,0.0,0.0,0.0,0.0,0.0,0.0,0.0,0.0,10468.8,0.0,0.0,1452.4,0.0,0.0,87465.8,0.0,0.0,2682.6,1257.984
New construction,Residential,Single family house,Oceania,Australia,Melbourne,151.2,-38.77348762421913,1.0,0.0,frame steel,missing,0.0,0.0,0.0,0.0,0.0,0.0,550.28,0.0,0.0,14264.4,0.0,0.0,5578.4,0.0,0.0,38585.8,0.0,0.0,4068.0,1248.9119999999998
New construction,Residential,Single family house,Oceania,Australia,Melbourne,151.2,-38.77348762421913,1.0,0.0,frame steel,missing,0.0,0.0,0.0,0.0,0.0,0.0,550.28,0.0,0.0,10468.8,0.0,0.0,4125.4,0.0,0.0,87465.8,0.0,0.0,2682.6,1267.056
New construction,Residential,Single family house,Oceania,Australia,Melbourne,151.2,-38.77348762421913,1.0,0.0,frame wood,missing,7535.0,0.0,0.0,0.0,0.0,0.0,550.28,0.0,0.0,0.0,0.0,0.0,497.4,0.0,0.0,29420.8,0.0,0.0,460.2,1248.9119999999998
New construction,Residential,Single family house,Oceania,Australia,Sydney,151.2,-38.77348762421913,1.0,0.0,frame wood,missing,6050.0,0.0,0.0,0.0,0.0,0.0,0.0,0.0,0.0,14264.4,0.0,0.0,787.5,0.0,0.0,38585.8,0.0,0.0,4068.0,500.472
New construction,Residential,Single family house,Oceania,Australia,Sydney,151.2,-38.77348762421913,1.0,0.0,frame wood,missing,4785.0,0.0,0.0,0.0,0.0,0.0,0.0,0.0,0.0,10468.8,0.0,0.0,1452.4,0.0,0.0,87465.8,0.0,0.0,2682.6,479.304
New construction,Residential,Single family house,Oceania,Australia,Sydney,151.2,-38.77348762421913,1.0,0.0,frame steel,missing,0.0,0.0,0.0,0.0,0.0,0.0,550.28,0.0,0.0,14264.4,0.0,0.0,5578.4,0.0,0.0,38585.8,0.0,0.0,4068.0,538.2719999999999
New construction,Residential,Single family house,Oceania,Australia,Sydney,151.2,-38.77348762421913,1.0,0.0,frame steel,missing,0.0,0.0,0.0,0.0,0.0,0.0,550.28,0.0,0.0,10468.8,0.0,0.0,4125.4,0.0,0.0,87465.8,0.0,0.0,2682.6,486.864
New construction,Residential,Single family house,Oceania,Australia,Sydney,151.2,-38.77348762421913,1.0,0.0,frame wood,missing,7535.0,0.0,0.0,0.0,0.0,0.0,550.28,0.0,0.0,0.0,0.0,0.0,497.4,0.0,0.0,29420.8,0.0,0.0,460.2,474.768
New construction,Non-residential,School and Daycare,Europe,Switzerland,Zürich,5186.649491702775,134.29292116571565,4.108533078644717,0.313645903285487,missing,missing,28843.76,0.0,0.0,0.0,0.0,0.0,503849.58,0.0,0.0,0.0,1035375.12,0.0,1035375.0,0.0,0.0,12450942.91,0.0,0.0,0.0,0.0
New construction,Residential,Multi-family house,Europe,Switzerland,Zürich,13654.764459972339,336.31128450431413,8.0,0.49243612951422955,massive concrete,Flat roof,0.0,0.0,0.0,0.0,0.0,0.0,112938.0,0.0,0.0,0.0,0.0,0.0,29013.33,0.0,0.0,2650857.28,0.0,0.0,0.0,0.0
New construction,Residential,missing,Europe,Switzerland,Zurich,5791.336367086153,163.88301399060168,3.0,1.0,massive wood,Gable or saddle roof,26080.0,0.0,0.0,0.0,70110.0,0.0,0.0,0.0,28650.0,0.0,0.0,0.0,0.0,0.0,0.0,0.0,0.0,430560.0,172430.0,0.0
New construction,Residential,missing,Europe,Switzerland,Zurich,1700.2846291442106,45.69906070567208,3.0,0.0,frame wood,Flat roof,57270.0,0.0,0.0,0.0,0.0,0.0,24710.0,74610.0,0.0,0.0,0.0,0.0,0.0,0.0,0.0,0.0,0.0,183930.0,70280.0,0.0
New construction,Residential,missing,Europe,Switzerland,Zurich,3802.8046964367786,117.39824700570327,2.0,1.0,massive brick,Gable or saddle roof,0.0,0.0,0.0,0.0,0.0,0.0,0.0,71670.0,0.0,124360.0,0.0,0.0,0.0,0.0,0.0,49450.0,0.0,495000.0,216200.0,0.0
New construction,Residential,missing,Europe,Switzerland,Zurich,5791.336367086153,163.88301399060168,3.0,1.0,frame wood,Flat roof,0.0,0.0,0.0,0.0,0.0,0.0,0.0,101400.0,0.0,0.0,0.0,0.0,0.0,0.0,0.0,99550.0,0.0,1044180.0,141880.0,0.0
New construction,Residential,missing,Europe,Switzerland,Zurich,5791.336367086153,163.88301399060168,3.0,1.0,massive wood,Flat roof,51380.0,0.0,0.0,0.0,90500.0,0.0,0.0,98060.0,0.0,0.0,0.0,0.0,0.0,0.0,0.0,0.0,0.0,886110.0,221720.0,0.0
New construction,Residential,missing,Europe,Switzerland,St Gallen,5791.336367086153,163.88301399060168,3.0,1.0,massive wood,Gable or saddle roof,50270.0,0.0,0.0,0.0,0.0,0.0,0.0,0.0,9910.0,0.0,0.0,0.0,0.0,5000.0,0.0,0.0,29790.0,331990.0,0.0,0.0
New construction,Residential,missing,Europe,Switzerland,Zürich,5791.336367086153,163.88301399060168,3.0,1.0,massive brick,Gable or saddle roof,4010.0,0.0,0.0,0.0,0.0,0.0,0.0,0.0,21700.0,0.0,0.0,0.0,0.0,0.0,0.0,0.0,462180.0,964530.0,0.0,0.0
New construction,Residential,missing,Europe,Switzerland,Bern,5791.336367086153,163.88301399060168,3.0,1.0,massive brick,Flat roof,0.0,0.0,0.0,0.0,0.0,0.0,42460.0,0.0,0.0,153790.0,0.0,0.0,0.0,14180.0,0.0,0.0,0.0,2798830.0,29050.0,0.0
New construction,Residential,missing,Europe,Switzerland,Lucerne,7893.856434378721,235.58220029063287,2.0,2.0,massive wood,Flat roof,111350.0,0.0,0.0,0.0,0.0,0.0,0.0,0.0,0.0,0.0,11260.0,0.0,0.0,13590.0,0.0,0.0,0.0,1727570.0,0.0,0.0
New construction,Non-residential,Office,Europe,Austria,Lustenau,7665.879641092336,185.15336166036738,6.0,0.0,massive concrete,Flat roof,0.0,0.0,0.0,0.0,0.0,0.0,0.0,0.0,0.0,1200873.92,0.0,0.0,0.0,0.0,0.0,2554170.1,272621.0,0.0,443349.62,93779.26094269611
New construction,Non-residential,Office,North America,USA,Pacific Northwest,14715.0,600.4744734753797,8.0,3.0,frame wood,Flat roof,974050.0,0.0,0.0,0.0,0.0,0.0,317902.0,0.0,0.0,0.0,0.0,0.0,408133.0,0.0,0.0,7764400.0,625969.0,0.0,0.0,98149.05
New construction,Non-residential,Office,North America,USA,Pacific Northwest,14715.0,600.4744734753797,8.0,3.0,frame wood,Flat roof,1607650.0,0.0,0.0,0.0,0.0,0.0,317902.0,0.0,0.0,0.0,0.0,0.0,408133.0,0.0,89772.0,7764400.0,0.0,0.0,0.0,96383.25
New construction,Non-residential,Office,North America,USA,Pacific Northwest,14715.0,600.4744734753797,8.0,3.0,frame concrete,Flat roof,0.0,0.0,0.0,0.0,0.0,0.0,317902.0,0.0,0.0,0.0,0.0,0.0,821723.0,0.0,89772.0,14562950.0,112249.0,0.0,0.0,132582.15
New construction,Residential,Multi-family house,North America,Canada,Quebec,2160.0,116.74527103230122,4.0,0.28798126564936677,massive wood,missing,226185.64,0.0,0.0,0.0,0.0,0.0,0.0,5867.72,0.0,78730.34,0.0,0.0,6018.95,0.0,0.0,533085.75,0.0,0.0,0.0,9504.0
New construction,Residential,Single family house,Asia,South Korea,Seoul,110.0,4.0,1.0,0.22691131029259914,frame wood,Gable or saddle roof,27210.0,0.0,0.0,0.0,0.0,0.0,0.0,151120.0,0.0,163810.0,0.0,0.0,30.0,0.0,0.0,90839.0,0.0,0.0,0.0,8761.499999999993
missing,Residential,Multi-family house,Europe,Finland,missing,1243.0,44.09874151517144,3.0,0.0,frame wood,Gable or saddle roof,1815000.0,0.0,0.0,0.0,0.0,0.0,0.0,0.0,1350000.0,0.0,0.0,0.0,0.0,150000.0,0.0,580000.0,139000.0,0.0,0.0,2411.42
missing,Residential,Multi-family house,Europe,Finland,missing,1243.0,44.09874151517144,3.0,0.0,frame wood,Gable or saddle roof,1601000.0,0.0,0.0,0.0,0.0,0.0,0.0,0.0,860000.0,0.0,0.0,0.0,0.0,150000.0,0.0,1340000.0,91000.0,0.0,0.0,3654.42
missing,Residential,Multi-family house,Europe,Finland,missing,1243.0,44.09874151517144,3.0,0.0,frame concrete,Gable or saddle roof,170000.0,0.0,0.0,0.0,0.0,0.0,0.0,0.0,670000.0,0.0,70000.0,0.0,0.0,370000.0,0.0,0.0,0.0,1870000.0,0.0,4338.070000000001
missing,Residential,Multi-family house,Europe,Finland,missing,1243.0,44.09874151517144,3.0,0.0,frame concrete,Gable or saddle roof,142000.0,0.0,0.0,0.0,0.0,0.0,0.0,100000.0,550000.0,0.0,0.0,0.0,0.0,300000.0,0.0,2100000.0,0.0,0.0,0.0,5021.72
missing,Residential,Multi-family house,Europe,Finland,missing,1243.0,44.09874151517144,3.0,0.0,massive brick,Gable or saddle roof,140000.0,0.0,0.0,0.0,0.0,0.0,0.0,0.0,460000.0,390000.0,0.0,0.0,0.0,370000.0,0.0,1470000.0,0.0,0.0,0.0,5170.88
missing,Residential,Multi-family house,Europe,Finland,missing,1243.0,44.09874151517144,3.0,0.0,frame steel,Gable or saddle roof,164000.0,0.0,0.0,0.0,0.0,0.0,0.0,0.0,900000.0,0.0,670000.0,0.0,0.0,370000.0,0.0,860000.0,0.0,0.0,0.0,3057.7799999999997
New construction,Residential,Multi-family house,Asia,China,Beijing,5590.0,131.39173358468702,4.0,0.31342528491084887,frame wood,missing,304266.0,0.0,0.0,0.0,0.0,0.0,0.0,0.0,99259.5,0.0,0.0,0.0,0.0,0.0,0.0,1968675.0,397235.95,0.0,0.0,58136.0
New construction,Residential,Multi-family house,Asia,China,Beijing,5590.0,131.39173358468702,4.0,0.31342528491084887,frame concrete,missing,38984.2,0.0,0.0,0.0,0.0,0.0,0.0,0.0,0.0,0.0,282210.0,0.0,0.0,0.0,0.0,0.0,1625804.6,6436175.0,1103740.5,88322.0
New construction,Residential,Multi-family house,Asia,China,Beijing,5590.0,131.39173358468702,4.0,0.31342528491084887,frame steel,missing,370564.6,0.0,0.0,0.0,0.0,0.0,0.0,0.0,190392.0,0.0,459520.0,0.0,0.0,0.0,0.0,0.0,197945.78,586750.0,0.0,61490.0
missing,Non-residential,Office,North America,Canada,missing,14233.0,480.2106324033556,5.0,3.0,massive wood,Flat roof,2035593.0,0.0,0.0,0.0,0.0,0.0,60375.0,0.0,0.0,0.0,0.0,0.0,0.0,0.0,0.0,0.0,25293.9,18387500.0,0.0,0.0
missing,Non-residential,Office,North America,Canada,missing,14233.0,480.2106324033556,5.0,3.0,frame concrete,Flat roof,0.0,0.0,0.0,0.0,0.0,0.0,60375.0,0.0,0.0,0.0,7069892.5,0.0,0.0,0.0,0.0,0.0,17553.9,28995000.0,0.0,0.0
missing,Residential,Semi-detached,Europe,Finland,missing,35270.0,582.1467815615865,11.609560275368123,0.7573929342829347,frame wood,missing,19000000.0,0.0,0.0,0.0,0.0,0.0,0.0,0.0,0.0,14000000.0,0.0,0.0,895862.0,0.0,0.0,34872393.0,0.0,0.0,0.0,883866.2
