Building Use Type,Building Use Subtype,Continent,Country,Total Users,Floors Above Ground,Floors Below Ground,Structure Type,Total Embodied Carbon PER m2
Non-residential,Other,Europe,Denmark,317.7162712891403,7.181117098760171,0.49545250263047524,missing,521.0
Non-residential,Other,Europe,Denmark,317.7162712891403,7.181117098760171,0.49545250263047524,missing,414.49999999999994
Non-residential,Other,Europe,Denmark,203.40675415822687,5.266764626202484,0.3822194107742968,missing,430.99999999999994
Non-residential,Other,Europe,Denmark,347.7389818029225,7.6839103179732335,0.5251924964884249,missing,422.99999999999994
Residential,Multi-family house,Europe,Denmark,243.31054510876316,5.935037249409336,0.42174743730718006,missing,355.99999999999994
Residential,Multi-family house,Europe,Denmark,243.31054510876316,5.935037249409336,0.42174743730718006,missing,376.50000000000006
Residential,Multi-family house,Europe,Denmark,243.31054510876316,5.935037249409336,0.42174743730718006,missing,404.5
Residential,Multi-family house,Europe,Denmark,243.31054510876316,5.935037249409336,0.42174743730718006,missing,408.0
Residential,Multi-family house,Europe,Denmark,94.49909274800879,3.442877550707666,0.2743373066605894,missing,401.99999999999994
Residential,Multi-family house,Europe,Denmark,94.49909274800879,3.442877550707666,0.2743373066605894,missing,480.0
Residential,Multi-family house,Europe,Denmark,94.49909274800879,3.442877550707666,0.2743373066605894,missing,255.49999999999997
Residential,Multi-family house,Europe,Denmark,168.90481892838596,4.6889574000585,0.34804237198388477,missing,453.5
Residential,Multi-family house,Europe,Denmark,357.501013077788,7.847395994208062,0.5348626010588413,missing,391.5
Residential,Multi-family house,Europe,Denmark,95.86071753710968,3.4656808119507856,0.2756861093560058,missing,479.0
Residential,Multi-family house,Europe,Denmark,95.86071753710968,3.4656808119507856,0.2756861093560058,missing,459.0
Residential,Single family house,Europe,Denmark,59.46143628966922,2.8560985496483577,0.2396295913998497,missing,403.5
Residential,Single family house,Europe,Denmark,59.312624837308476,2.853606389949656,0.23948218126920315,missing,431.49999999999994
Residential,Single family house,Europe,Denmark,59.71441575868249,2.8603352211361504,0.23988018862194893,missing,414.49999999999994
Residential,Single family house,Europe,Denmark,59.38703056348885,2.854852469799007,0.23955588633452646,missing,452.99999999999994
Residential,Single family house,Europe,Denmark,94.49909274800879,3.442877550707666,0.2743373066605894,missing,293.0
Residential,Single family house,Europe,Denmark,94.49909274800879,3.442877550707666,0.2743373066605894,missing,535.5
Residential,Single family house,Europe,Denmark,59.982276372931835,2.864821108593813,0.24014552685711268,missing,342.0
Residential,Single family house,Europe,Denmark,59.044764223059104,2.849120502491993,0.23921684303403928,missing,521.5
Residential,Single family house,Europe,Denmark,94.49909274800879,3.442877550707666,0.2743373066605894,missing,434.0
Residential,Single family house,Europe,Denmark,94.49909274800879,3.442877550707666,0.2743373066605894,missing,524.5
Residential,Single family house,Europe,Denmark,59.49119858014137,2.856596981588098,0.23965907342597903,missing,412.0
Non-residential,Office,Europe,Denmark,168.90481892838596,4.6889574000585,0.34804237198388477,missing,387.0
Non-residential,Office,Europe,Denmark,689.7449021910263,13.411516345514348,0.8639778292469518,missing,349.5
Non-residential,Office,Europe,Denmark,168.90481892838596,4.6889574000585,0.34804237198388477,missing,428.5
Non-residential,Office,Europe,Denmark,168.90481892838596,4.6889574000585,0.34804237198388477,missing,417.0
Non-residential,Office,Europe,Denmark,94.49909274800879,3.442877550707666,0.2743373066605894,missing,451.49999999999994
Non-residential,Office,Europe,Denmark,317.7162712891403,7.181117098760171,0.49545250263047524,missing,326.0
Non-residential,Office,Europe,Denmark,94.49909274800879,3.442877550707666,0.2743373066605894,missing,516.5
Non-residential,Office,Europe,Denmark,94.49909274800879,3.442877550707666,0.2743373066605894,missing,553.5
Non-residential,Office,Europe,Denmark,243.31054510876316,5.935037249409336,0.42174743730718006,missing,383.0
Non-residential,Office,Europe,Denmark,168.90481892838596,4.6889574000585,0.34804237198388477,missing,486.49999999999994
Non-residential,Office,Europe,Denmark,466.52772364989465,9.673276797461842,0.6428626332770657,missing,265.5
Non-residential,Office,Europe,Denmark,168.90481892838596,4.6889574000585,0.34804237198388477,missing,362.5
Non-residential,Office,Europe,Denmark,243.31054510876316,5.935037249409336,0.42174743730718006,missing,323.50000000000006
Non-residential,Office,Europe,Denmark,168.90481892838596,4.6889574000585,0.34804237198388477,missing,421.5
Non-residential,Office,Europe,Denmark,168.90481892838596,4.6889574000585,0.34804237198388477,missing,393.49999999999994
Non-residential,Office,Europe,Denmark,249.91033302096258,6.045564532046756,0.4282850766013563,missing,358.0
Non-residential,Office,Europe,Denmark,94.49909274800879,3.442877550707666,0.2743373066605894,missing,449.0
Non-residential,Office,Europe,Denmark,94.49909274800879,3.442877550707666,0.2743373066605894,missing,468.0
Non-residential,Office,Europe,Denmark,168.90481892838596,4.6889574000585,0.34804237198388477,missing,428.49999999999994
Non-residential,Office,Europe,Denmark,243.31054510876316,5.935037249409336,0.42174743730718006,missing,412.0
Non-residential,Office,Europe,Denmark,317.7162712891403,7.181117098760171,0.49545250263047524,missing,406.49999999999994
Non-residential,Office,Europe,Denmark,168.90481892838596,4.6889574000585,0.34804237198388477,missing,337.5
Residential,Row house,Europe,Denmark,94.49909274800879,3.442877550707666,0.2743373066605894,missing,378.0
Residential,Row house,Europe,Denmark,94.49909274800879,3.442877550707666,0.2743373066605894,missing,464.00000000000006
Residential,Row house,Europe,Denmark,94.49909274800879,3.442877550707666,0.2743373066605894,missing,416.0
Residential,Row house,Europe,Denmark,94.49909274800879,3.442877550707666,0.2743373066605894,missing,607.0
Residential,Row house,Europe,Denmark,94.49909274800879,3.442877550707666,0.2743373066605894,missing,602.5
Residential,Row house,Europe,Denmark,94.49909274800879,3.442877550707666,0.2743373066605894,missing,295.5
Residential,Row house,Europe,Denmark,94.49909274800879,3.442877550707666,0.2743373066605894,missing,334.0
Residential,Row house,Europe,Denmark,114.7002474059812,3.7811882298064177,0.2943482318958641,missing,433.0
Residential,Row house,Europe,Denmark,119.6407876243583,3.863927931803314,0.299242248233331,missing,363.5
Residential,Row house,Europe,Denmark,97.21490175359261,3.488359465208972,0.27702754154488973,missing,332.0
Residential,Row house,Europe,Denmark,93.85176293023957,3.4320366560183144,0.2736960725922768,missing,440.00000000000006
Residential,Row house,Europe,Denmark,94.49909274800879,3.442877550707666,0.2743373066605894,missing,467.0
Residential,Multi-family house,Europe,Denmark,306.0077597404444,6.0,1.0,massive concrete,583.1999999999999
Non-residential,Office,Europe,Denmark,240.45546266468716,5.0,1.0,massive concrete,580.0
Non-residential,Office,Europe,Denmark,349.9174028893691,6.0,1.0,massive concrete,702.4000000000001
Residential,Multi-family house,Europe,Denmark,275.1411738973332,6.0,1.0,massive concrete,598.4000000000001
Residential,Multi-family house,Europe,Denmark,316.5776384283195,7.0,1.0,massive concrete,489.5999999999999
Residential,Multi-family house,Europe,Denmark,99.71493415325324,3.5302277481471593,0.2795040317397524,massive concrete,305.1707086788415
Non-residential,Office,Europe,Denmark,450.5761613789363,7.0,2.0,massive concrete,936.5
Non-residential,Hospital and Health,Europe,Denmark,210.67270911528362,4.0,1.0,massive concrete,601.0
Non-residential,Office,Europe,Denmark,282.64885254032856,6.593839665761123,0.4607153053436063,missing,888.0264064623244
Non-residential,Office,Europe,Denmark,154.79005267196843,4.452576052636648,0.33406052109205564,massive concrete,331.47615463277236
Non-residential,School and Daycare,Europe,Denmark,-36.327958124540245,1.0,0.0,massive concrete,962.1930259
Non-residential,Office,Europe,Denmark,118.06338622933427,3.8375110389970755,0.29767970084847706,massive concrete,1201.449672655156
Non-residential,Hospital and Health,Europe,Austria,114.0,3.0,1.0,massive concrete,2119.5
Non-residential,Hospital and Health,Europe,Austria,87.0,3.0,2.0,massive concrete,2197.5
Non-residential,Hotel & Resort,Europe,Austria,275.0,5.0,1.0,massive concrete,1299.0
Non-residential,Office,Europe,Austria,550.0,9.0,3.0,massive concrete,1903.5
Non-residential,Office,Europe,Austria,1200.0,8.0,2.0,massive concrete,1528.5
Non-residential,Office,Europe,Austria,1800.0,9.0,1.0,massive concrete,958.5000000000001
Non-residential,Office,Europe,Austria,400.0,5.0,1.0,frame concrete,894.5
Non-residential,Office,Europe,Austria,75.0,3.0,0.0,massive concrete,157.99999999999997
Non-residential,Office,Europe,Germany,1700.0,7.0,1.0,frame concrete,1938.0
Non-residential,Office,Europe,Germany,1000.0,7.0,1.0,frame concrete,2249.0
Non-residential,Hotel & Resort,Europe,Germany,372.0,8.0,1.0,massive concrete,2907.0
Non-residential,Hotel & Resort,Europe,Germany,222.0,7.0,1.0,massive concrete,3841.9999999999995
Residential,Multi-family house,Europe,Germany,526.0,7.0,1.0,massive concrete,978.5
Non-residential,Hotel & Resort,Europe,Germany,552.0,8.0,1.0,massive concrete,2229.5
Non-residential,Hotel & Resort,Europe,Germany,630.0,8.0,1.0,massive concrete,2323.0
Non-residential,Hotel & Resort,Europe,Germany,604.0,7.0,2.0,massive concrete,2586.5
Non-residential,Hotel & Resort,Europe,Germany,432.0,5.0,0.0,massive concrete,2881.0
Non-residential,Office,Europe,United Kingdom,1036.9352345403329,16.0,2.0,frame steel,1264.3067409880978
Non-residential,Office,Europe,United Kingdom,611.1883384430548,13.0,1.0,frame concrete,591.9859497925323
Non-residential,Hotel & Resort,Europe,United Kingdom,747.8559129195612,17.0,1.0,frame concrete,416.51585966093785
Non-residential,Office,Europe,United Kingdom,671.1574869684914,12.0,2.0,frame steel,2259.9999999999936
Non-residential,Mixed use,Europe,United Kingdom,1526.6067425161054,27.0,3.0,frame steel,1441.8394264654905
Non-residential,Retail and Restaurant,Europe,United Kingdom,-37.90978315867701,1.0,0.0,frame steel,1248.8040201005017
Non-residential,Technology & Science,Europe,United Kingdom,4.681553631745459,2.0,0.0,frame steel,827.8905965463098
Non-residential,Office,Europe,United Kingdom,487.25340343118563,10.0,1.0,frame concrete,367.640574922907
Non-residential,Mixed use,Europe,United Kingdom,548.8861340506749,11.0,1.0,frame steel,1230.8746345776017
Non-residential,Mixed use,Europe,United Kingdom,330.7088242730262,5.0,2.0,frame concrete,989.7442749371307
Non-residential,Mixed use,Europe,United Kingdom,249.03626243828563,3.0,2.0,massive wood,892.6504279279254
Residential,missing,Europe,United Kingdom,413.7058950598057,7.0,1.0,missing,0.22341875
Residential,Single family house,Europe,Belgium,5.0,2.0214711481949497,0.17965413033003064,massive brick,2987.2418425587625
Residential,Single family house,Europe,Belgium,5.0,2.0214711481949497,0.17965413033003064,frame wood,2638.498977752943
Residential,Single family house,Europe,Belgium,5.0,2.0214711481949497,0.17965413033003064,massive brick,2789.6682135942383
Residential,Single family house,Europe,Belgium,5.0,2.0205336450104805,0.17971626087435308,massive brick,3224.8713450674513
Residential,Single family house,Europe,Belgium,5.0,2.0205336450104805,0.17971626087435308,frame wood,2740.8021025842836
Residential,Single family house,Europe,Belgium,5.0,2.0205336450104805,0.17971626087435308,massive brick,3015.7612947458724
Residential,Single family house,Europe,Belgium,5.0,2.020591182099806,0.17971244775591494,massive brick,3843.82449338663
Residential,Single family house,Europe,Belgium,5.0,2.020591182099806,0.17971244775591494,frame wood,3215.2582359706635
Residential,Single family house,Europe,Belgium,5.0,2.020591182099806,0.17971244775591494,massive brick,3611.250691361608
Residential,Single family house,Europe,Belgium,5.0,2.021029298486083,0.17968341275101374,massive brick,2549.7270018620893
Residential,Single family house,Europe,Belgium,5.0,2.021029298486083,0.17968341275101374,frame wood,2130.1938491499263
Residential,Single family house,Europe,Belgium,5.0,2.021029298486083,0.17968341275101374,massive brick,2421.909244182306
Residential,Single family house,Europe,Belgium,5.0,2.021275917384223,0.17966706873572347,massive brick,2254.1201786707124
Residential,Single family house,Europe,Belgium,5.0,2.021275917384223,0.17966706873572347,frame wood,1902.4226740389415
Residential,Single family house,Europe,Belgium,5.0,2.021275917384223,0.17966706873572347,massive brick,2151.4093703928593
Residential,Single family house,Europe,Belgium,5.0,2.021275917384223,0.17966706873572347,massive brick,2219.3485421469222
Residential,Single family house,Europe,Belgium,5.0,2.021275917384223,0.17966706873572347,frame wood,1874.5336071592856
Residential,Single family house,Europe,Belgium,5.0,2.021275917384223,0.17966706873572347,massive brick,2122.578642800148
Residential,Multi-family house,Europe,Belgium,24.0,2.3257497545893733,0.19951377012591698,massive brick,2229.716232997275
Residential,Multi-family house,Europe,Belgium,24.0,2.3257497545893733,0.19951377012591698,frame wood,2050.6161766456876
Residential,Multi-family house,Europe,Belgium,24.0,2.3257497545893733,0.19951377012591698,massive brick,2100.8457497358672
Residential,Multi-family house,Europe,Belgium,780.0,14.617549293355466,0.9774769574659752,massive brick,3103.1592230199703
Residential,Multi-family house,Europe,Belgium,780.0,14.617549293355466,0.9774769574659752,frame wood,2926.0411065021312
Residential,Multi-family house,Europe,Belgium,780.0,14.617549293355466,0.9774769574659752,massive brick,2808.494718740819
Residential,Multi-family house,Europe,Belgium,591.0,11.465776890396036,0.7882099145829249,massive brick,2076.5836183042593
Residential,Multi-family house,Europe,Belgium,591.0,11.465776890396036,0.7882099145829249,frame wood,1900.7825825513269
Residential,Multi-family house,Europe,Belgium,591.0,11.465776890396036,0.7882099145829249,massive brick,1982.6629647940138
Residential,Multi-family house,Europe,Belgium,90.0,3.395877796308638,0.2676277264732019,massive brick,2146.253456837552
Residential,Multi-family house,Europe,Belgium,90.0,3.395877796308638,0.2676277264732019,frame wood,1964.8998719552296
Residential,Multi-family house,Europe,Belgium,90.0,3.395877796308638,0.2676277264732019,massive brick,2021.3113583430832
Residential,Multi-family house,Europe,Belgium,24.0,2.3312399348685338,0.19914992294670378,massive brick,2332.826302445178
Residential,Multi-family house,Europe,Belgium,24.0,2.3312399348685338,0.19914992294670378,frame wood,2042.7343313264432
Residential,Multi-family house,Europe,Belgium,24.0,2.3312399348685338,0.19914992294670378,massive brick,2219.8769925641395
Residential,Multi-family house,Europe,Belgium,48.0,2.723264241196872,0.2237273168834829,massive brick,2742.755719860055
Residential,Multi-family house,Europe,Belgium,48.0,2.723264241196872,0.2237273168834829,frame wood,2372.464134906414
Residential,Multi-family house,Europe,Belgium,48.0,2.723264241196872,0.2237273168834829,massive brick,2526.4348821272933
Residential,Multi-family house,Europe,Belgium,26.0,2.3596226263246307,0.20148208247267446,massive brick,3277.1289529913115
Residential,Multi-family house,Europe,Belgium,26.0,2.3596226263246307,0.20148208247267446,frame wood,3094.2944020865807
Residential,Multi-family house,Europe,Belgium,26.0,2.3596226263246307,0.20148208247267446,massive brick,3033.0896971736042
Residential,Multi-family house,Europe,Belgium,33.0,2.472204361254305,0.20876704141730967,massive brick,2678.20629613016
Residential,Multi-family house,Europe,Belgium,33.0,2.472204361254305,0.20876704141730967,frame wood,2337.875971939782
Residential,Multi-family house,Europe,Belgium,33.0,2.472204361254305,0.20876704141730967,massive brick,2492.540980710106
Residential,Multi-family house,Europe,Belgium,33.0,2.493045085593998,0.20738587752501636,massive brick,2329.3740181371563
Residential,Multi-family house,Europe,Belgium,33.0,2.493045085593998,0.20738587752501636,frame wood,2008.8895538288536
Residential,Multi-family house,Europe,Belgium,33.0,2.493045085593998,0.20738587752501636,massive brick,2242.146771049136
Residential,Multi-family house,Europe,Belgium,12.0,2.1325266130070175,0.18704023879048712,massive brick,2762.125652746067
Residential,Multi-family house,Europe,Belgium,12.0,2.1325266130070175,0.18704023879048712,frame wood,2357.7841602697117
Residential,Multi-family house,Europe,Belgium,12.0,2.1325266130070175,0.18704023879048712,massive brick,2674.8524829431335
Residential,Multi-family house,Europe,Belgium,3.0,1.9891684680195323,0.17758175769001816,massive brick,2344.8678871027582
Residential,Multi-family house,Europe,Belgium,3.0,1.9891684680195323,0.17758175769001816,frame wood,2150.0933317327444
Residential,Multi-family house,Europe,Belgium,3.0,1.9891684680195323,0.17758175769001816,massive brick,2251.965468488999
Residential,Multi-family house,Europe,Belgium,8.0,2.067690665084458,0.1829107750919891,massive brick,3920.638388609026
Residential,Multi-family house,Europe,Belgium,8.0,2.067690665084458,0.1829107750919891,frame wood,3723.8207903474063
Residential,Multi-family house,Europe,Belgium,8.0,2.067690665084458,0.1829107750919891,massive brick,3634.0384976540176
Residential,Multi-family house,Europe,Belgium,24.0,2.3271332800197215,0.19942208063675526,massive brick,2426.9191944338572
Residential,Multi-family house,Europe,Belgium,24.0,2.3271332800197215,0.19942208063675526,frame wood,2236.6777484765466
Residential,Multi-family house,Europe,Belgium,24.0,2.3271332800197215,0.19942208063675526,massive brick,2274.591064558006
Residential,Multi-family house,Europe,Belgium,3.0,1.9889049393661327,0.1775992223546204,massive brick,2412.211355437686
Residential,Multi-family house,Europe,Belgium,3.0,1.9889049393661327,0.1775992223546204,frame wood,2207.1762843440492
Residential,Multi-family house,Europe,Belgium,3.0,1.9889049393661327,0.1775992223546204,massive brick,2319.349667003469
Residential,Multi-family house,Europe,Belgium,90.0,3.395877796308638,0.2676277264732019,massive brick,2124.62860827236
Residential,Multi-family house,Europe,Belgium,90.0,3.395877796308638,0.2676277264732019,frame wood,1943.3106521563095
Residential,Multi-family house,Europe,Belgium,90.0,3.395877796308638,0.2676277264732019,massive brick,2006.3940876233755
Residential,Multi-family house,Europe,Belgium,33.0,2.493045085593998,0.20738587752501636,massive brick,2300.954460942962
Residential,Multi-family house,Europe,Belgium,33.0,2.493045085593998,0.20738587752501636,frame wood,1985.4858662936417
Residential,Multi-family house,Europe,Belgium,33.0,2.493045085593998,0.20738587752501636,massive brick,2218.777951019822
Residential,Multi-family house,Europe,Belgium,3.0,1.9889049393661327,0.1775992223546204,massive brick,2385.1039631841422
Residential,Multi-family house,Europe,Belgium,3.0,1.9889049393661327,0.1775992223546204,frame wood,2180.1844797763356
Residential,Multi-family house,Europe,Belgium,3.0,1.9889049393661327,0.1775992223546204,massive brick,2297.6682687188368
Residential,Semi-detached,Europe,Belgium,5.0,2.0205599978758206,0.17971451440789285,massive brick,2298.2886550940298
Residential,Semi-detached,Europe,Belgium,5.0,2.0205599978758206,0.17971451440789285,frame wood,2014.8703397881359
Residential,Semi-detached,Europe,Belgium,5.0,2.0205599978758206,0.17971451440789285,massive brick,2204.3224546371725
Residential,Semi-detached,Europe,Belgium,4.0,2.0042898502868707,0.17868620174084476,massive brick,2434.39932752183
Residential,Semi-detached,Europe,Belgium,4.0,2.0042898502868707,0.17868620174084476,frame wood,2106.5102041613945
Residential,Semi-detached,Europe,Belgium,4.0,2.0042898502868707,0.17868620174084476,massive brick,2328.34071629676
Residential,Semi-detached,Europe,Belgium,3.0,1.9888019435840956,0.17760604812770242,massive brick,3513.9309374138406
Residential,Semi-detached,Europe,Belgium,3.0,1.9888019435840956,0.17760604812770242,frame wood,3056.3711239945933
Residential,Semi-detached,Europe,Belgium,3.0,1.9888019435840956,0.17760604812770242,massive brick,3267.4966296571833
Residential,Semi-detached,Europe,Belgium,4.0,2.0049625071746733,0.1786416231844476,massive brick,2250.9786713256885
Residential,Semi-detached,Europe,Belgium,4.0,2.0049625071746733,0.1786416231844476,frame wood,1963.5283829627351
Residential,Semi-detached,Europe,Belgium,4.0,2.0049625071746733,0.1786416231844476,massive brick,2133.7378961833674
Residential,Semi-detached,Europe,Belgium,4.0,2.0051761849911385,0.17862746225223258,massive brick,2050.4479456916347
Residential,Semi-detached,Europe,Belgium,4.0,2.0051761849911385,0.17862746225223258,frame wood,1795.7602766697728
Residential,Semi-detached,Europe,Belgium,4.0,2.0051761849911385,0.17862746225223258,massive brick,1956.6211341286432
Residential,Semi-detached,Europe,Belgium,4.0,2.0051761849911385,0.17862746225223258,massive brick,2018.296370140765
Residential,Semi-detached,Europe,Belgium,4.0,2.0051761849911385,0.17862746225223258,frame wood,1767.0603783053102
Residential,Semi-detached,Europe,Belgium,4.0,2.0051761849911385,0.17862746225223258,massive brick,1929.8504339383912
Residential,Row house,Europe,Belgium,4.0,2.005005550188062,0.17863877062256256,massive brick,2077.2418338345447
Residential,Row house,Europe,Belgium,4.0,2.005005550188062,0.17863877062256256,frame wood,1807.5386381017936
Residential,Row house,Europe,Belgium,4.0,2.005005550188062,0.17863877062256256,massive brick,1990.977350786838
Residential,Row house,Europe,Belgium,4.0,2.004408877395323,0.17867831353399943,massive brick,2196.2688551685114
Residential,Row house,Europe,Belgium,4.0,2.004408877395323,0.17867831353399943,frame wood,1898.8456218117133
Residential,Row house,Europe,Belgium,4.0,2.004408877395323,0.17867831353399943,massive brick,2107.1978934737735
Residential,Row house,Europe,Belgium,3.0,1.9884283917179015,0.1776308042897761,massive brick,2393.2854843051027
Residential,Row house,Europe,Belgium,3.0,1.9884283917179015,0.1776308042897761,frame wood,2087.3288939724953
Residential,Row house,Europe,Belgium,3.0,1.9884283917179015,0.1776308042897761,massive brick,2265.3186470181645
Residential,Row house,Europe,Belgium,4.0,2.004250979810494,0.17868877777887363,massive brick,2196.2155063926766
Residential,Row house,Europe,Belgium,4.0,2.004250979810494,0.17868877777887363,frame wood,1931.7654496861162
Residential,Row house,Europe,Belgium,4.0,2.004250979810494,0.17868877777887363,massive brick,2094.2635876831273
Residential,Row house,Europe,Belgium,4.0,2.0044339126173956,0.17867665439086225,massive brick,2026.2704672724224
Residential,Row house,Europe,Belgium,4.0,2.0044339126173956,0.17867665439086225,frame wood,1786.784083531031
Residential,Row house,Europe,Belgium,4.0,2.0044339126173956,0.17867665439086225,massive brick,1942.7345485187993
Residential,Row house,Europe,Belgium,4.0,2.0044339126173956,0.17867665439086225,massive brick,1998.6794717059845
Residential,Row house,Europe,Belgium,4.0,2.0044339126173956,0.17867665439086225,frame wood,1761.898488391535
Residential,Row house,Europe,Belgium,4.0,2.0044339126173956,0.17867665439086225,massive brick,1919.8477883490416
Residential,Multi-family house,Europe,Finland,109.92339978520101,3.7011899034780944,0.28961636670210855,frame concrete,509.07167429499157
Residential,Multi-family house,Europe,Finland,94.49165217539078,3.4427529427227315,0.27432993615405715,frame concrete,648.482
Residential,Multi-family house,Europe,Finland,98.86670887479696,3.51602243786456,0.2786637939950669,frame concrete,712.2017786012141
Residential,Multi-family house,Europe,Finland,147.46852921581933,4.329961795460526,0.3268079426642434,frame concrete,669.1693990263165
Residential,Multi-family house,Europe,Finland,91.21780022345413,3.3879254293512933,0.2710869132798321,frame concrete,666.9335
Residential,Multi-family house,Europe,Finland,147.55781608723584,4.331457091279748,0.3268963887426314,missing,580.2251933014136
Residential,Multi-family house,Europe,Finland,221.45758332958638,5.569063597654997,0.4001002596217282,missing,587.0000000000001
Residential,Multi-family house,Europe,Finland,97.14049602741221,3.4871133853596206,0.2769538364795665,missing,455.245
Residential,Multi-family house,Europe,Finland,126.4265898520087,3.97757041406411,0.30596415019081546,frame concrete,570.0
Residential,Multi-family house,Europe,Finland,85.35462900044047,3.2897343372224483,0.26527895413235647,frame concrete,619.0
Non-residential,Retail and Restaurant,Europe,Finland,2073.877423461492,36.59171674306325,2.2350763069235517,missing,478.5
Non-residential,Retail and Restaurant,Europe,Finland,192.85602218584944,5.090070503564536,0.3717680325114535,missing,576.55
Non-residential,Retail and Restaurant,Europe,Finland,95.57797577762429,3.4609457085232527,0.2754060301077772,frame concrete,940.4999999999999
Non-residential,Retail and Restaurant,Europe,Finland,685.9576507284451,13.34809088118239,0.8602262414219961,missing,741.3
Non-residential,Retail and Restaurant,Europe,Finland,94.38748415873829,3.44100843093364,0.2742267490626045,missing,1458.62455
Non-residential,Retail and Restaurant,Europe,Finland,70.45562639008173,3.040219308188437,0.2505202518520198,frame steel,886.8649000000001
Non-residential,Retail and Restaurant,Europe,Finland,86.18202067556626,3.30359074514723,0.2660985544587515,other,979.9483999999991
Non-residential,Retail and Restaurant,Europe,Finland,64.55227607493063,2.941355332940942,0.24467249196926955,frame concrete,2912.3279
Non-residential,Retail and Restaurant,Europe,Finland,178.83798337346633,4.855309059946837,0.3578819982045447,missing,1091.3999999999999
Non-residential,Retail and Restaurant,Europe,Finland,138.89103710174544,4.186313710427362,0.31831122273377394,missing,978.4885
Non-residential,School and Daycare,Europe,Finland,79.43193319648242,3.190546381214122,0.25941203093262216,frame wood,582.25
Non-residential,School and Daycare,Europe,Finland,270.5802437538714,6.391725514196417,0.4487603437481678,frame concrete,757.49
Non-residential,School and Daycare,Europe,Finland,213.5854574997025,5.437228349593679,0.39230226371052357,missing,763.8999999999995
Non-residential,School and Daycare,Europe,Finland,91.51542312817568,3.3929097487486977,0.2713817335411253,missing,541.0
Non-residential,School and Daycare,Europe,Finland,154.0311142649286,4.439866038173269,0.33330872942575795,frame concrete,394.5
Non-residential,School and Daycare,Europe,Finland,100.7268520293064,3.5471744340983316,0.2805064206281493,frame concrete,776.5
Non-residential,School and Daycare,Europe,Finland,143.31668969495425,4.260430539866748,0.3226952000192035,missing,743.5
Non-residential,School and Daycare,Europe,Finland,193.79353433572214,5.105771109666355,0.37269671633452706,other,644.9999999999999
Non-residential,School and Daycare,Europe,Finland,87.27429673589418,3.321883197335699,0.26718054481769743,frame wood,504.0
Non-residential,School and Daycare,Europe,Finland,140.25117377632273,4.209092050073494,0.31965855132788373,frame concrete,1040.5
Non-residential,Office,Europe,Finland,409.376685370747,8.716162865175466,0.5862497726022429,frame concrete,790.0
Non-residential,Office,Europe,Finland,198.37692706843336,5.182529628386367,0.377236948358442,frame concrete,662.0000000000001
Non-residential,Office,Europe,Finland,217.97539534434475,5.510747060705377,0.39665086256459803,missing,733.5000000000001
Non-residential,Office,Europe,Finland,593.0100175839177,11.791487933373325,0.7681538738201354,frame concrete,642.0
Non-residential,Office,Europe,Finland,206.32345862449773,5.315610956297037,0.38510864933497,frame concrete,751.5
Non-residential,Office,Europe,Finland,879.47206337837,16.588895353374042,1.0519183753148225,frame concrete,776.5
Non-residential,Office,Europe,Finland,227.17194310023933,5.66476253008514,0.4057608086385571,frame concrete,882.0
Non-residential,Office,Europe,Finland,382.0102592816042,8.257854696584227,0.5591410495763347,frame concrete,676.0
Non-residential,Office,Europe,Finland,163.61457179696114,4.600361122769656,0.3428019418393984,frame concrete,682.0
Non-residential,Office,Europe,Finland,150.74238116775592,4.384789308831962,0.33005096553846835,missing,542.9999999999999
Residential,Single family house,Europe,Finland,4.0,2.0,0.0,frame wood,654.9999999999995
Residential,Single family house,Europe,Finland,3.0,1.0,0.0,frame wood,749.9999999999997
Residential,Single family house,Europe,Finland,4.0,1.0,0.0,frame wood,520.0
Residential,Single family house,Europe,Finland,4.0,1.0,0.0,frame wood,704.9999999999998
Residential,Semi-detached,Europe,Finland,3.0,1.0,0.0,frame wood,654.9999999999998
Residential,Single family house,Europe,Finland,2.0,1.0,0.0,massive concrete,889.9999999999999
Residential,Single family house,Europe,Finland,6.0,1.0,0.0,frame wood,579.9999999999998
Residential,Single family house,Europe,Finland,6.0,1.0,0.0,frame steel,869.9999999999995
Residential,Single family house,Europe,Finland,2.0,1.0,0.0,frame wood,644.9999999999997
Residential,Single family house,Europe,Finland,6.0,2.0,0.0,frame wood,519.9999999999999
Residential,Single family house,Europe,Finland,2.0,1.0,0.0,frame concrete,764.9999999999997
Residential,Single family house,Europe,Finland,4.0,1.0,0.0,frame wood,599.9999999999998
Residential,Single family house,Europe,Finland,2.0,1.0,0.0,frame steel,565.0
Residential,Single family house,Europe,Finland,4.0,2.0,0.0,frame concrete,689.9999999999995
Residential,Single family house,Europe,Finland,4.0,1.0,0.0,massive wood,254.9999999999957
Residential,Single family house,Europe,Finland,3.0,1.0,0.0,frame wood,584.999999999998
Non-residential,Mixed use,Europe,Finland,54.0,3.0,0.0,frame concrete,1299.9999999999995
Residential,Multi-family house,Europe,Finland,68.0,6.0,0.0,frame concrete,1004.9999999999995
Residential,Multi-family house,Europe,Finland,68.0,6.0,0.0,frame concrete,1044.2506984508602
Non-residential,Hotel & Resort,Europe,Netherlands,109.92339978520101,3.7011899034780944,0.28961636670210855,missing,259.13768730562623
Residential,Multi-family house,Europe,Netherlands,59.178694530183776,2.851363446220825,0.23934951215162117,missing,331.41732283464506
Residential,Multi-family house,Europe,Netherlands,59.178694530183776,2.851363446220825,0.23934951215162117,missing,510.92125984251965
Non-residential,Office,Europe,Netherlands,250.65439028276637,6.058025330540264,0.42902212725458927,missing,241.31907034015697
Residential,Row house,Europe,Netherlands,59.178694530183776,2.851363446220825,0.23934951215162117,missing,282.52125984251956
Non-residential,Other,Europe,Netherlands,905.692641284335,17.028013892285276,1.0778920403347518,missing,254.0377464393463
Residential,Multi-family house,Europe,Netherlands,273.7201653986834,6.4443100838390235,0.45187069750481096,missing,302.6636413641365
Residential,Multi-family house,Europe,Netherlands,136.79874808155327,4.1512739450636165,0.3162386362968829,missing,415.5556803294028
Non-residential,Office,Europe,Netherlands,158.8674864666531,4.520861228381073,0.3380995586717722,missing,223.84998535013173
Residential,Single family house,Europe,Netherlands,59.46143628966922,2.8560985496483577,0.2396295913998497,missing,323.81506849315014
Residential,Multi-family house,Europe,Netherlands,111.08412911361489,3.7206287491279673,0.290766165721152,missing,434.91009681881036
Residential,Single family house,Europe,Netherlands,58.851309334990106,2.8458806948836806,0.23902520986419867,missing,541.5238095238091
Residential,Single family house,Europe,Netherlands,59.96739522769576,2.8645718926239434,0.24013078584404812,missing,345.7277777777776
Residential,Single family house,Europe,Netherlands,61.217411427526116,2.885506034093037,0.24136903094147946,missing,355.34090917500004
Residential,Single family house,Europe,Netherlands,58.657854446921135,2.8426408872753686,0.23883357669435812,missing,421.63043474999927
Residential,Multi-family house,Europe,Netherlands,444.28785209457993,9.300823530490877,0.6208321892519328,missing,413.5699454249993
Non-residential,Office,Europe,Netherlands,130.95045800377557,4.0533320689046395,0.31044541816247184,missing,388.9090908999995
Non-residential,Office,Europe,Netherlands,447.9932572583627,9.362878306988549,0.6245027015050331,missing,343.09655305
Non-residential,School and Daycare,Europe,Netherlands,74.7443724471187,3.1120433507050196,0.25476861181725463,missing,304.5950553999996
Non-residential,School and Daycare,Europe,Netherlands,159.67106830940116,4.5343188907540615,0.33889557337726384,missing,235.88662795000005
Non-residential,Office,Europe,Netherlands,63.375177486757025,2.921642349724211,0.243506477835855,missing,284.81662594999995
Non-residential,Office,Europe,Netherlands,106.79835928562514,3.6488545498053586,0.28652075395853016,missing,261.52690114999996
Residential,Multi-family house,Europe,Netherlands,89.25348905229222,3.355028921328432,0.26914109955529714,missing,396.77374305
Residential,Multi-family house,Europe,Netherlands,88.10764086911445,3.33583929164843,0.2680060415493184,missing,454.27329794999997
Residential,Multi-family house,Europe,Netherlands,74.16400778291171,3.1023239278800823,0.2541937123077328,missing,401.410934775
Residential,Multi-family house,Europe,Netherlands,226.02609491706153,5.645572900405137,0.40462575063257855,missing,356.94505695
Residential,Multi-family house,Europe,Netherlands,59.13405109447555,2.8506157983112144,0.2393052891124272,missing,318.33064515
Residential,Multi-family house,Europe,Netherlands,99.3429055223514,3.523997348900406,0.279135506413136,missing,507.583156425
Non-residential,Retail and Restaurant,Europe,Netherlands,236.0559868061764,5.81354446409763,0.4145611934381586,missing,336.51044705
Residential,Multi-family house,Europe,Netherlands,63.24124717963241,2.9193994059953807,0.2433738087182731,missing,314.98999995
Residential,Multi-family house,Europe,Netherlands,105.93525286193281,3.6344000235528897,0.28566577520077996,missing,379.990822875
Non-residential,Retail and Restaurant,Europe,Netherlands,226.01121377182545,5.645323684435266,0.4046110096195138,missing,343.0940201
Non-residential,Retail and Restaurant,Europe,Netherlands,87.17012871924166,3.320138685546609,0.26707735772624486,missing,344.32270915000004
Non-residential,Hotel & Resort,Europe,Netherlands,93.80711949453132,3.4312890081087035,0.27365184955308286,missing,294.37652814999996
Non-residential,Hotel & Resort,Europe,Netherlands,116.63479628667102,3.813586305889539,0.2962645635942698,missing,359.05215644999953
Non-residential,Art & Culture,Europe,Netherlands,328.8696896435788,7.36790446817786,0.5065008919224372,missing,317.63835614999937
Non-residential,Sport & Entertainment,Europe,Netherlands,89.0302718737511,3.3512906817803803,0.2689199843593273,missing,422.69104545000005
Non-residential,Sport & Entertainment,Europe,Netherlands,107.8846828878587,3.6670473156058816,0.28759684791225026,missing,733.1470588499998
Residential,Row house,Europe,Netherlands,59.625128887266044,2.85883992531693,0.23979174254356095,missing,275.15923567499993
Residential,Row house,Europe,Netherlands,59.625128887266044,2.85883992531693,0.23979174254356095,missing,277.707006375
Residential,Row house,Europe,Netherlands,59.68465346821034,2.85983678919641,0.23985070659581958,missing,282.844720425
Residential,Row house,Europe,Netherlands,59.818583775335014,2.862079732925242,0.23998337571340153,missing,293.38235287500004
Residential,Row house,Europe,Netherlands,59.625128887266044,2.85883992531693,0.23979174254356095,missing,283.94904457499996
Residential,Row house,Europe,Netherlands,59.625128887266044,2.85883992531693,0.23979174254356095,missing,222.48089174999998
Residential,Row house,Europe,Netherlands,59.625128887266044,2.85883992531693,0.23979174254356095,missing,221.843949075
Residential,Row house,Europe,Netherlands,59.625128887266044,2.85883992531693,0.23979174254356095,missing,226.66878974999986
Residential,Row house,Europe,Netherlands,59.625128887266044,2.85883992531693,0.23979174254356095,missing,278.2165605
Residential,Single family house,Europe,Italy,5.0,2.0,0.0,frame wood,307.99999999999943
Residential,Multi-family house,Asia,China,595.3585035601604,15.0,0.633039671192154,missing,1425.0
Residential,Multi-family house,Asia,China,595.3585035601604,15.0,0.633039671192154,missing,1315.0000000000002
Residential,Multi-family house,Asia,China,595.3585035601604,15.0,0.633039671192154,missing,1590.0
Residential,missing,Europe,Italy,489.2763828848885,10.0,1.0,massive concrete,2173.0
Residential,Multi-family house,Europe,Austria,134.29292116571537,4.108533078644717,0.31364590328548714,missing,1929.5000000000002
Residential,Multi-family house,Europe,Austria,134.29292116571537,4.108533078644717,0.31364590328548714,missing,2390.4999999999995
Residential,Multi-family house,Europe,Austria,134.29292116571537,4.108533078644717,0.31364590328548714,missing,2270.0
Residential,Multi-family house,Europe,Austria,134.29292116571537,4.108533078644717,0.31364590328548714,missing,2129.0
Residential,Multi-family house,Europe,Austria,134.29292116571537,4.108533078644717,0.31364590328548714,missing,2399.0
Residential,Other,Asia,China,3.0,1.0,0.0,frame steel,140.0
Residential,Other,Asia,China,3.0,1.0,0.0,frame steel,233.0
Residential,Other,Asia,China,3.0,1.0,0.0,frame steel,335.9999999999998
Residential,Other,Asia,China,3.0,1.0,0.0,frame steel,543.5
Non-residential,Other,Europe,Switzerland,232.48578584060397,6.0,0.4005510043402637,frame wood,589.9999999999995
Residential,Other,Asia,China,2991.0,50.40853913603954,3.2631615175635917,other,3849.4999999999995
Non-residential,Office,Asia,Thailand,1812.9420216702342,38.0,1.7312343501236322,frame concrete,1008.0
Non-residential,Other,Asia,Singapore,204.0,6.0,0.32981632521646287,frame concrete,763.9999999999999
Residential,Single family house,Oceania,Australia,-19.31233073595277,1.0,0.18427333986980346,massive brick,1802.9999999999998
Residential,Single family house,Oceania,Australia,-19.31233073595277,1.0,0.18427333986980346,massive brick,1757.5
Residential,Single family house,Oceania,Australia,-19.31233073595277,1.0,0.18427333986980346,frame wood,1827.5000000000002
Residential,Single family house,Oceania,Australia,-19.31233073595277,1.0,0.18427333986980346,frame wood,1778.5
Residential,Single family house,Oceania,Australia,-19.31233073595277,1.0,0.18427333986980346,frame concrete,1714.5
Residential,Single family house,Oceania,Australia,-19.31233073595277,1.0,0.18427333986980346,frame concrete,1705.9999999999998
Residential,Single family house,Oceania,Australia,-19.31233073595277,1.0,0.18427333986980346,frame concrete,1819.5
Residential,Single family house,Oceania,Australia,-19.31233073595277,1.0,0.18427333986980346,frame concrete,2045.5000000000002
Residential,Single family house,Oceania,Australia,-19.31233073595277,1.0,0.18427333986980346,frame wood,1867.0000000000002
Residential,Single family house,Oceania,Australia,-19.31233073595277,1.0,0.18427333986980346,massive brick,1750.9999999999998
Residential,Single family house,Oceania,Australia,-19.31233073595277,1.0,0.18427333986980346,massive brick,1720.0
Residential,Single family house,Oceania,Australia,-19.31233073595277,1.0,0.18427333986980346,frame wood,1768.0
Residential,Single family house,Oceania,Australia,-19.31233073595277,1.0,0.18427333986980346,frame wood,1723.0
Residential,Single family house,Oceania,Australia,-19.31233073595277,1.0,0.18427333986980346,frame concrete,1676.0000000000002
Residential,Single family house,Oceania,Australia,-19.31233073595277,1.0,0.18427333986980346,frame concrete,1659.5000000000002
Residential,Single family house,Oceania,Australia,-19.31233073595277,1.0,0.18427333986980346,massive concrete,1857.9999999999998
Residential,Single family house,Oceania,Australia,-19.31233073595277,1.0,0.18427333986980346,frame concrete,1772.0
Residential,Single family house,Oceania,Australia,-19.31233073595277,1.0,0.18427333986980346,frame concrete,1970.0
Residential,Single family house,Oceania,Australia,-19.31233073595277,1.0,0.18427333986980346,frame wood,1797.0
Residential,Multi-family house,Asia,China,40.0,4.0,0.14801667650190226,massive brick,952.5
Residential,Multi-family house,Asia,China,247.34695874714959,7.0,0.3822111088019926,frame concrete,1322.0
Residential,Multi-family house,Asia,China,247.34695874714959,7.0,0.3822111088019926,frame wood,142.5
Residential,Multi-family house,Asia,China,247.34695874714959,7.0,0.3822111088019926,frame concrete,1839.9999999999998
Residential,Multi-family house,Asia,China,247.34695874714959,7.0,0.3822111088019926,frame wood,1214.5000000000002
Residential,Multi-family house,Europe,Finland,272.88742318497907,6.0,1.0,missing,1375.0
Residential,Multi-family house,Europe,Finland,272.88742318497907,6.0,1.0,missing,1011.0000000000001
Residential,Multi-family house,Europe,Finland,272.88742318497907,6.0,1.0,missing,1641.5
Non-residential,Office,Europe,Switzerland,76.74753784503955,3.0,0.26272331657931514,massive wood,3200.0
Residential,Multi-family house,Europe,Germany,121.34079340916696,5.0,0.0,frame wood,1442.0
Residential,Multi-family house,Europe,Finland,42.30344009368518,3.0,0.0,frame wood,1632.0
Residential,Multi-family house,Europe,Italy,125.23936218799076,5.0,0.0,frame wood,1401.0
Non-residential,Office,South America,Brazil,28.90235093600475,2.6365851486451817,0.0,frame steel,1788.0
Non-residential,Office,South America,Brazil,28.90235093600475,2.6365851486451817,0.0,frame steel,1800.0
Residential,Multi-family house,Asia,China,718.8955684033926,16.0,1.0,frame concrete,3538.5
Residential,Multi-family house,Asia,China,718.8955684033926,16.0,1.0,frame concrete,3754.9999999999995
Residential,Multi-family house,Asia,China,718.8955684033926,16.0,1.0,frame concrete,3004.0
Residential,Multi-family house,Asia,China,718.8955684033926,16.0,1.0,frame concrete,2611.9999999999995
Residential,Multi-family house,Asia,China,718.8955684033926,16.0,1.0,frame concrete,2145.5
Residential,Semi-detached,Asia,Malaysia,1.0839515629565426,2.0,0.0,massive brick,3719.5
Residential,Single family house,Europe,Italy,45.699060705672906,3.0,0.0,massive concrete,2902.5
Residential,Multi-family house,Europe,Italy,128.6602871768944,4.0,0.30866587916629806,massive concrete,2135.0
Non-residential,Office,Europe,Italy,180.57303650874923,5.0,0.35460844175328093,massive concrete,2613.0
Residential,Single family house,Europe,Italy,0.8949724659579061,2.0,0.0,massive brick,2609.0000000000005
Residential,Row house,Europe,Italy,0.8004829174585808,2.0,0.0,massive brick,2392.0
Residential,Multi-family house,Europe,Italy,148.01109230102412,3.0,1.0,massive brick,1734.5
Residential,Multi-family house,Europe,Italy,312.105133132685,7.0,1.0,massive brick,1985.5
Residential,Single family house,Europe,Italy,0.8949724659579061,2.0,0.0,massive brick,2483.0
Residential,Row house,Europe,Italy,0.8004829174585808,2.0,0.0,massive brick,2242.5000000000005
Residential,Multi-family house,Europe,Italy,148.01109230102412,3.0,1.0,massive brick,1734.5
Residential,Multi-family house,Europe,Italy,312.105133132685,7.0,1.0,massive brick,1928.5
Residential,Single family house,Europe,Italy,0.8949724659579061,2.0,0.0,massive brick,2327.0000000000005
Residential,Row house,Europe,Italy,0.8004829174585808,2.0,0.0,massive brick,2086.0
Residential,Multi-family house,Europe,Italy,148.01109230102412,3.0,1.0,massive brick,1604.5000000000002
Residential,Multi-family house,Europe,Italy,312.105133132685,7.0,1.0,massive brick,1859.0
Residential,Single family house,Oceania,Australia,-38.773487624218944,1.0,0.0,frame wood,408.0
Residential,Single family house,Oceania,Australia,-38.773487624218944,1.0,0.0,frame wood,416.0
Residential,Single family house,Oceania,Australia,-38.773487624218944,1.0,0.0,frame steel,413.0
Residential,Single family house,Oceania,Australia,-38.773487624218944,1.0,0.0,frame steel,419.00000000000006
Residential,Single family house,Oceania,Australia,-38.773487624218944,1.0,0.0,frame wood,413.0
Residential,Single family house,Oceania,Australia,-38.773487624218944,1.0,0.0,frame wood,165.5
Residential,Single family house,Oceania,Australia,-38.773487624218944,1.0,0.0,frame wood,158.5
Residential,Single family house,Oceania,Australia,-38.773487624218944,1.0,0.0,frame steel,178.0
Residential,Single family house,Oceania,Australia,-38.773487624218944,1.0,0.0,frame steel,161.0
Residential,Single family house,Oceania,Australia,-38.773487624218944,1.0,0.0,frame wood,157.0
Non-residential,Office,Europe,United Kingdom,134.29292116571537,4.108533078644717,0.31364590328548714,missing,3326.499999999994
Non-residential,Office,Europe,United Kingdom,134.29292116571537,4.108533078644717,0.31364590328548714,missing,2402.4999999999977
Non-residential,Office,Europe,United Kingdom,134.29292116571537,4.108533078644717,0.31364590328548714,missing,3326.499999999994
Residential,Multi-family house,Europe,Switzerland,210.36778097549717,4.0,1.0,frame concrete,594.4999999999992
Non-residential,Office,Europe,Switzerland,96.0,4.0,0.2495119854795695,massive wood,565.4999999999994
Non-residential,Office,Europe,Austria,185.15336166036855,6.0,0.0,massive concrete,733.999999999999
Non-residential,Office,North America,USA,600.4744734753715,8.0,3.0,frame wood,333.5
Non-residential,Office,North America,USA,600.4744734753715,8.0,3.0,frame wood,327.5
Non-residential,Office,North America,USA,600.4744734753715,8.0,3.0,frame concrete,450.5
Residential,Multi-family house,Europe,Germany,286.6987131291235,8.0,0.40635578757939,massive wood,70.00000000000001
Residential,Multi-family house,Europe,Germany,286.6987131291235,8.0,0.40635578757939,massive concrete,192.99999999999997
Residential,Multi-family house,Europe,Germany,286.6987131291235,8.0,0.40635578757939,massive brick,190.0
Residential,Multi-family house,Europe,Germany,286.6987131291235,8.0,0.40635578757939,massive brick,180.0
Residential,Multi-family house,North America,Canada,116.74527103230145,4.0,0.2879812656493669,massive wood,220.00000000000003
Residential,Multi-family house,North America,Canada,116.74527103230145,4.0,0.2879812656493669,massive wood,144.0
Residential,Multi-family house,North America,Canada,116.74527103230145,4.0,0.2879812656493669,massive wood,85.5
Residential,Single family house,Asia,South Korea,4.0,1.0,0.22691131029260214,frame wood,2389.499999999998
Residential,Multi-family house,Europe,Finland,44.098741515172264,3.0,0.0,frame wood,97.0
Residential,Multi-family house,Europe,Finland,44.098741515172264,3.0,0.0,frame wood,147.0
Residential,Multi-family house,Europe,Finland,44.098741515172264,3.0,0.0,frame concrete,174.5
Residential,Multi-family house,Europe,Finland,44.098741515172264,3.0,0.0,frame concrete,202.0
Residential,Multi-family house,Europe,Finland,44.098741515172264,3.0,0.0,massive brick,208.0
Residential,Multi-family house,Europe,Finland,44.098741515172264,3.0,0.0,frame steel,123.0
Residential,Multi-family house,Asia,China,131.39173358468668,4.0,0.3134252849108491,frame wood,520.0
Residential,Multi-family house,Asia,China,131.39173358468668,4.0,0.3134252849108491,frame concrete,790.0
Residential,Multi-family house,Asia,China,131.39173358468668,4.0,0.3134252849108491,frame steel,550.0
Residential,Semi-detached,Europe,Finland,582.1467815615827,11.609560275368105,0.7573929342829344,frame wood,1253.0
Residential,Single family house,Oceania,Australia,-38.595707288523926,1.0,0.0,missing,310.0
Residential,Single family house,Oceania,Australia,-38.595707288523926,1.0,0.0,missing,365.0
Residential,Single family house,Oceania,Australia,-0.78570627922565,2.0,0.0,missing,598.9999999999999
Residential,Single family house,Oceania,Australia,-0.78570627922565,2.0,0.0,missing,572.5
Residential,Single family house,Oceania,Australia,-0.78570627922565,2.0,0.0,missing,581.5
Residential,Single family house,Oceania,Australia,-0.78570627922565,2.0,0.0,missing,576.5
Residential,Single family house,Oceania,Australia,-0.78570627922565,2.0,0.0,missing,3808.4999999999986
Residential,Single family house,Oceania,Australia,-47.2704732641242,1.0,0.0,missing,619.5
Residential,Single family house,Oceania,Australia,-47.2704732641242,1.0,0.0,missing,514.5
Residential,Single family house,Oceania,Australia,-0.78570627922565,2.0,0.0,missing,547.5
Residential,Single family house,Oceania,Australia,-0.78570627922565,2.0,0.0,missing,457.5
Residential,Single family house,Oceania,Australia,-47.2704732641242,1.0,0.0,missing,270.0
Residential,Single family house,Oceania,Australia,-47.2704732641242,1.0,0.0,missing,451.0
Residential,Single family house,Oceania,Australia,-47.2704732641242,1.0,0.0,missing,329.0
Non-residential,School and Daycare,South America,Brazil,82.79150952677094,4.0,0.0,missing,3164.5000000000005
Residential,Multi-family house,South America,Brazil,460.0,16.0,0.0,missing,700.0
Residential,Single family house,South America,Brazil,4.0,2.0,0.0,missing,550.0
Residential,Single family house,South America,Colombia,0.7129925947740219,2.0,0.0,missing,837.0000000000001
Residential,Multi-family house,Asia,China,568.4033698202834,16.0,0.0,missing,2958.499999999996
Residential,Multi-family house,Asia,China,40.0,4.0,0.0,missing,956.0
Residential,Multi-family house,Asia,China,40.0,26.0,0.0,missing,3196.0
Residential,Multi-family house,Asia,China,40.0,16.0,0.0,missing,3553.5000000000005
Residential,Multi-family house,Asia,China,2991.0,50.40853913603954,3.2631615175635917,missing,3739.4999999999995
Residential,Single family house,Asia,China,1.703383047563193,2.0,0.0,missing,2994.0
Residential,Multi-family house,Asia,China,84.38033378672247,4.0,0.0,missing,1235.9999999999993
Residential,Multi-family house,Asia,China,128.70747857920654,5.0,0.0,missing,1593.5
Residential,Single family house,Asia,China,2.0,1.0,0.0,missing,843.0
Residential,Single family house,Asia,China,2.0,1.0,0.0,missing,427.0
Residential,Multi-family house,Asia,Hong Kong,1636.4438814900373,40.0,0.0,missing,1675.9999999999998
Residential,Multi-family house,Asia,Hong Kong,1636.4438814900373,40.0,0.0,missing,1513.0
Residential,Multi-family house,Asia,Hong Kong,1636.4438814900373,40.0,0.0,missing,1432.0
Residential,Single family house,Asia,Indonesia,-39.14514651498293,1.0,0.0,missing,1153.5
Residential,Single family house,Asia,Indonesia,0.5555100139418272,2.0,0.0,missing,1288.9999999999993
Residential,Single family house,Asia,Indonesia,0.947466659568633,2.0,0.0,missing,1497.0
Residential,Single family house,Asia,Indonesia,-39.10315116009435,1.0,0.0,missing,771.9999999999998
Residential,Single family house,Asia,Indonesia,0.6674976269780615,2.0,0.0,missing,882.9999999999984
Residential,Single family house,Asia,Japan,1.272930659955179,2.0,0.0,missing,1000.0
Residential,Single family house,Asia,Japan,0.6639980140706712,2.0,0.0,missing,2691.5
Residential,Single family house,Asia,Japan,0.7374898851256972,2.0,0.0,missing,2867.5
Residential,Single family house,Asia,Japan,0.7374898851256972,2.0,0.0,missing,724.4999999999999
Residential,Single family house,Asia,Japan,134.29292116571537,4.108533078644717,0.31364590328548714,missing,365.99999999999966
Residential,Single family house,Asia,South Korea,134.29292116571537,4.108533078644717,0.31364590328548714,missing,441.4999999999994
Residential,Multi-family house,Asia,South Korea,835.9400994489483,20.0,0.0,missing,2711.0
Residential,Multi-family house,Asia,South Korea,835.9400994489483,20.0,0.0,missing,3244.999999999998
Residential,Multi-family house,Asia,South Korea,1355.048767521158,35.0,0.0,missing,2411.5
Residential,Multi-family house,Asia,South Korea,1355.048767521158,35.0,0.0,missing,2906.0
Residential,Multi-family house,Asia,South Korea,83.04698126900985,4.0,0.0,missing,2204.4999999999986
Residential,Multi-family house,Asia,South Korea,83.04698126900985,4.0,0.0,missing,2098.9999999999973
Residential,Multi-family house,Asia,South Korea,3166.4064632584423,54.888405603021305,3.317317263091626,missing,2048.0
Residential,Single family house,Asia,Malaysia,1.0839515629565426,2.0,0.0,missing,3754.0
Residential,Single family house,Asia,Thailand,0.7444891109404637,2.0,0.0,missing,2231.5
Residential,Single family house,Asia,Thailand,0.7444891109404637,2.0,0.0,missing,1639.0
Residential,Single family house,Asia,Thailand,0.7444891109404637,2.0,0.0,missing,678.0
Residential,Single family house,Asia,Thailand,0.7444891109404637,2.0,0.0,missing,1448.0
Residential,Single family house,Asia,Thailand,0.7444891109404637,2.0,0.0,missing,489.50000000000006
Residential,Single family house,Asia,Thailand,-0.78570627922565,2.0,0.0,missing,888.9999999999998
Residential,Single family house,Asia,Taiwan,-0.78570627922565,2.0,0.0,missing,557.4999999999977
Residential,Single family house,North America,USA,-38.65170109504204,1.0,0.0,missing,876.5
Residential,Single family house,North America,USA,1.3324240793806723,2.0,0.0,missing,2732.999999999995
Residential,Single family house,Europe,Switzerland,1.6438896281376998,2.0,0.0,missing,1378.999999999999
Residential,Single family house,North America,USA,-38.595707288523926,1.0,0.0,missing,1320.9999999999975
Residential,Single family house,North America,USA,-38.595707288523926,1.0,0.0,missing,1291.4999999999973
Residential,Single family house,North America,USA,0.8949724659579061,2.0,0.0,missing,2260.999999999995
Residential,Single family house,North America,USA,0.8949724659579061,2.0,0.0,missing,2306.4999999999945
Residential,Multi-family house,Asia,China,1872.963691740192,25.0,2.0,missing,337.0
Residential,Multi-family house,Asia,China,1695.3492420495677,23.0,2.0,missing,400.0
Residential,Single family house,Asia,Malaysia,-47.2704732641242,1.0,0.0,missing,62.5
Residential,Single family house,Asia,Malaysia,-47.2704732641242,1.0,0.0,missing,111.00000000000001
Residential,Single family house,Asia,Malaysia,-47.2704732641242,1.0,0.0,missing,69.5
Residential,Single family house,Asia,Malaysia,-47.2704732641242,1.0,0.0,missing,161.5
Residential,Single family house,Asia,Malaysia,-47.2704732641242,1.0,0.0,missing,41.0
Residential,Single family house,Asia,Malaysia,-47.2704732641242,1.0,0.0,missing,5.5
Residential,Multi-family house,Asia,China,758.4247438998557,17.0,1.0,missing,3544.499999999999
Residential,Multi-family house,Asia,China,758.4247438998557,17.0,1.0,missing,3625.0
Residential,Multi-family house,Asia,China,758.4247438998557,17.0,1.0,missing,2884.5
Residential,Multi-family house,Asia,China,758.4247438998557,17.0,1.0,missing,2599.9999999999995
Residential,Multi-family house,Asia,China,758.4247438998557,17.0,1.0,missing,2172.5
Residential,Multi-family house,Asia,South Korea,1070.0491576725374,25.0,1.0,missing,658.0
Residential,Single family house,Europe,France,2.0,2.173087934040231,0.0,massive brick,56.904999999999994
Residential,Single family house,Europe,France,2.0,2.173027129027224,0.0,massive brick,59.255
Residential,Multi-family house,Europe,France,30.0,4.0,1.0,massive concrete,68.83500000000001
Residential,Multi-family house,Europe,France,40.0,4.0,1.0,massive concrete,65.02
Residential,Single family house,Europe,France,2.0,2.1729460556765474,0.0,massive brick,380.12
Residential,Single family house,Europe,France,2.0,2.1731892757285767,0.0,massive brick,403.385
Residential,Single family house,Europe,France,2.0,1.0,0.0,massive brick,73.4
Residential,Single family house,Europe,France,2.0,2.173027129027224,0.0,massive brick,262.02
Residential,Single family house,Europe,France,2.0,2.173087934040231,0.0,massive brick,83.60499999999999
Residential,Single family house,Europe,France,2.0,1.0,1.0,massive brick,49.815
Residential,Single family house,Europe,France,2.0,2.1740608142483477,0.0,massive brick,57.215
Residential,Single family house,Europe,France,3.0,2.1915526813735187,0.0,massive brick,38.625
Residential,Single family house,Europe,France,2.0,2.172824445650533,0.0,massive brick,61.905
Residential,Single family house,Europe,France,3.0,1.0,0.0,frame wood,34.955000000000005
Residential,Single family house,Europe,France,3.0,2.0,1.0,massive brick,53.2
Residential,Multi-family house,Europe,France,8.0,2.276640621492087,0.0,frame wood,26.345000000000002
Residential,Multi-family house,Europe,France,6.0,2.2418393022807677,0.0,frame wood,30.005
Residential,Multi-family house,Europe,France,34.34,3.0,0.0,frame concrete,763.405
Residential,Single family house,Europe,France,2.18,2.0,0.0,massive brick,269.23
Residential,Single family house,Europe,France,2.18,2.0,1.0,massive brick,347.95
Residential,Single family house,Europe,France,2.2,2.1772105722654738,0.0,massive brick,611.3050000000001
Residential,Single family house,Europe,France,1.97,1.0,0.0,massive brick,43.34
Residential,Single family house,Europe,France,1.84,1.0,0.0,massive brick,64.27000000000001
Residential,Single family house,Europe,France,2.07,1.0,0.0,massive brick,57.095
Residential,Single family house,Europe,France,1.95,1.0,0.0,massive brick,58.655
Residential,Single family house,Europe,France,4.0,1.0,0.0,massive brick,83.65
Residential,Single family house,Europe,France,1.81,1.0,0.0,massive brick,59.465
Residential,Single family house,Europe,France,2.33,1.0,0.0,massive brick,44.495000000000005
Residential,Single family house,Europe,France,2.01,1.0,0.0,massive brick,96.78999999999999
Residential,Single family house,Europe,France,2.03,2.1738684764753704,0.0,massive brick,49.945
Residential,Single family house,Europe,France,2.53,2.1835264852330654,0.0,massive brick,45.695
Residential,Single family house,Europe,France,2.29,2.0,1.0,massive brick,693.32
Residential,Multi-family house,Europe,France,25.0,2.5699081584108305,0.0,massive brick,507.09999999999997
Residential,Single family house,Europe,France,2.37,2.0,1.0,massive brick,656.895
Residential,Single family house,Europe,France,2.14,1.0,0.0,massive brick,86.285
Residential,Single family house,Europe,France,2.0,1.0,0.0,massive brick,72.345
Residential,Single family house,Europe,France,2.0,2.1733919591052677,0.0,massive brick,81.67
Residential,Single family house,Europe,France,0.7374898851256972,2.0,0.0,frame wood,54.85
Residential,Single family house,Europe,France,0.7374898851256972,2.0,0.0,frame wood,56.75
Residential,Single family house,Europe,France,0.8249802078102562,2.0,0.0,frame wood,45.71
Residential,Single family house,Europe,France,0.7374898851256972,2.0,0.0,frame wood,56.75
Residential,Single family house,Europe,France,0.8249802078102562,2.0,0.0,frame wood,45.71
Residential,Multi-family house,Europe,France,25.25,3.0,0.0,frame concrete,46.410000000000004
Residential,Single family house,Europe,France,1.94,1.0,0.0,frame concrete,53.855
Residential,Multi-family house,Europe,France,25.71826752725177,2.578712701568211,0.0,frame concrete/wood,122.76
Residential,Multi-family house,Europe,France,25.979247784009175,2.583456159624557,0.0,frame concrete/wood,138.755
Residential,Single family house,Europe,France,13.0,2.0,0.0,frame wood,682.485
Residential,Single family house,Europe,France,15.0,2.0,0.0,frame wood,659.4
Residential,Single family house,Europe,France,10.0,2.0,0.0,frame wood,695.85
Residential,Single family house,Europe,France,15.0,2.0,0.0,frame wood,659.4
Residential,Single family house,Europe,France,10.0,2.0,0.0,frame wood,695.85
Residential,Single family house,Europe,France,2.56,2.0,1.0,massive brick,371.515
Residential,Single family house,Europe,France,2.55,2.0,0.0,massive brick,401.89000000000004
Residential,Multi-family house,Europe,France,52.2,9.0,0.0,massive brick,157.13
Residential,Multi-family house,Europe,France,55.0,5.0,0.0,massive concrete,712.145
Residential,Multi-family house,Europe,France,62.0,5.0,0.0,massive brick,503.48499999999996
Residential,Multi-family house,Europe,France,61.0,5.0,0.0,massive brick,527.465
Residential,Single family house,Europe,France,3.7,2.0,0.0,massive brick,79.49000000000001
Residential,Single family house,Europe,France,1.99,2.0,0.0,massive brick,293.82
Residential,Single family house,Europe,France,12.0,2.0,0.0,massive brick,75.73
Residential,Single family house,Europe,France,4.0,2.0,0.0,massive brick,84.14500000000001
Residential,Multi-family house,Europe,France,55.0,6.0,0.0,massive concrete,543.6600000000001
Residential,Single family house,Europe,France,1.91,2.1715570402415776,0.0,massive brick,585.29
Residential,Single family house,Europe,France,1.91,2.0,0.0,massive brick,595.4150000000001
Residential,Single family house,Europe,France,2.42,2.0,0.0,massive brick,549.165
Residential,Single family house,Europe,France,1.95,2.172361299548957,0.0,massive brick,122.59500000000001
Residential,Single family house,Europe,France,1.9,2.1713914450056535,0.0,massive brick,646.605
Residential,Single family house,Europe,France,2.05,2.174909058765637,0.0,massive brick,534.345
Residential,Single family house,Europe,France,1.93,2.1719287673887635,0.0,massive brick,105.745
Residential,Single family house,Europe,France,1.95,2.172341031211288,0.0,massive brick,601.8399999999999
Residential,Single family house,Europe,France,1.98,2.172898621932067,0.0,massive brick,82.375
Residential,Single family house,Europe,France,1.95,2.172341031211288,0.0,massive brick,512.35
Residential,Single family house,Europe,France,2.06,2.174486872209157,0.0,massive brick,102.08999999999999
Residential,Single family house,Europe,France,2.0,2.0,0.0,massive brick,349.48
Residential,Single family house,Europe,France,2.0,2.0,0.0,massive brick,441.135
Residential,Multi-family house,Europe,France,46.0,4.0,0.0,massive concrete,346.515
Residential,Single family house,Europe,France,2.0,2.1737567891833116,0.0,massive brick,79.57499999999999
Residential,Single family house,Europe,France,6.0,2.0,0.0,massive brick,663.685
Residential,Single family house,Europe,France,3.0,2.0,0.0,massive brick,750.2950000000001
Residential,Single family house,Europe,France,5.0,1.0,0.0,massive brick,569.965
Residential,Single family house,Europe,France,4.0,1.0,0.0,massive brick,582.46
Residential,Single family house,Europe,France,4.0,1.0,0.0,massive brick,544.22
Residential,Single family house,Europe,France,4.0,1.0,0.0,massive brick,623.77
Residential,Single family house,Europe,France,2.0,1.0,0.0,massive brick,109.94
Residential,Single family house,Europe,France,2.0,2.173087934040231,0.0,massive brick,547.905
Residential,Single family house,Europe,France,2.0,2.1744459126640607,0.0,massive brick,488.585
Residential,Single family house,Europe,France,2.0,2.1733514224299295,0.0,massive brick,94.88
Residential,Single family house,Europe,France,2.0,2.173047397364893,0.0,massive brick,62.525
Residential,Single family house,Europe,France,2.0,2.0,1.0,massive brick,64.61
Residential,Single family house,Europe,France,2.02,2.0,0.0,massive brick,77.95
Residential,Single family house,Europe,France,2.0,2.0,0.0,massive brick,89.56
Residential,Single family house,Europe,France,2.0,1.0,1.0,massive brick,121.665
Residential,Single family house,Europe,France,2.0,2.0,1.0,massive brick,377.3999999999995
Residential,Single family house,Europe,France,5.0,2.0,0.0,frame wood,61.515
Residential,Single family house,Europe,France,4.0,2.0,0.0,frame wood,62.2
Residential,Single family house,Europe,France,4.0,2.0,0.0,frame wood,61.41
Residential,Single family house,Europe,France,4.0,2.0,0.0,frame wood,55.735
Residential,Single family house,Europe,France,2.0,2.0,1.0,massive brick,352.48
Non-residential,Office,Europe,France,12.0,2.343831327732103,0.0,massive brick,142.065
Residential,Multi-family house,Europe,France,56.0,8.0,0.0,frame wood,40.555
Residential,Multi-family house,Europe,France,63.0,4.0,1.0,massive concrete,743.22
Residential,Single family house,Europe,France,2.0,2.1739797408976713,0.0,massive brick,332.54
Residential,Multi-family house,Europe,France,28.03,3.0,1.0,other,106.155
Residential,Multi-family house,Europe,France,23.0,3.0,0.0,frame wood,36.69
Residential,Multi-family house,Europe,France,346.83,7.031016635416337,1.0,massive brick,8.99
Residential,Multi-family house,Europe,France,28.0,5.0,1.0,frame concrete,10.885
Non-residential,School and Daycare,Europe,France,975.0,2.0,1.0,massive concrete,40.08
Residential,Single family house,Europe,France,5.0,1.0,0.0,massive brick,57.98
Residential,Single family house,Europe,France,2.0,2.0,0.0,massive brick,36.59
Residential,Single family house,Europe,France,2.0,2.0,1.0,massive brick,82.325
Residential,Multi-family house,Europe,France,23.0,3.0,0.0,massive brick,628.905
Residential,Single family house,Europe,France,2.0,4.0,0.0,massive brick,484.175
Non-residential,Office,Europe,France,143.0,4.0,0.0,massive concrete,46.193
Residential,Multi-family house,Europe,France,47.0,5.0,0.0,massive concrete,629.1
Residential,Single family house,Europe,France,20.0,2.0,0.0,frame concrete/wood,79.235
Residential,Multi-family house,Europe,France,71.0,4.0,1.0,frame concrete,133.115
Residential,Multi-family house,Europe,France,103.0,6.0,1.0,frame concrete,7.6850000000000005
Residential,Single family house,Europe,France,2.0,1.0,0.0,massive brick,396.11
Residential,Multi-family house,Europe,France,12.5,3.0,0.0,massive brick,861.755
Non-residential,Office,Europe,France,400.0,3.0,1.0,frame wood,64.98
Residential,Single family house,Europe,France,6.0,2.0,0.0,frame wood,68.955
Residential,Single family house,Europe,France,2.0,2.0,1.0,massive brick,65.325
Non-residential,Office,Europe,France,45.0,3.0,1.0,frame concrete,124.25
Residential,Multi-family house,Europe,France,18.0,3.0,0.0,massive concrete,170.995
Residential,Multi-family house,Europe,France,56.0,3.0,0.0,massive concrete,451.93
Residential,Multi-family house,Europe,France,51.14,5.0,2.0,massive brick,797.485
Residential,Single family house,Europe,France,2.38,2.179431021166136,0.0,massive brick,544.4499999999999
Residential,Single family house,Europe,France,2.0,2.173229812403915,0.0,massive brick,49.01
Residential,Single family house,Europe,France,2.29,2.177870332911109,0.0,massive brick,103.545
Residential,Single family house,Europe,France,3.0,2.0,0.0,massive brick,284.76
Residential,Single family house,Europe,France,2.0,2.0,0.0,massive brick,415.75
Residential,Single family house,Europe,France,2.0,2.0,0.0,massive brick,367.24
Residential,Single family house,Europe,France,2.0,2.0,0.0,frame wood,68.50500000000001
Residential,Multi-family house,Europe,France,118.0,5.0,1.0,massive concrete,753.52
Non-residential,Office,Europe,France,143.0,4.0,0.0,massive concrete,164.975
Residential,Single family house,Europe,France,2.0,2.0,0.0,massive brick,390.15
Residential,Single family house,Europe,France,2.0,2.0,0.0,massive brick,356.935
Residential,Single family house,Europe,France,2.0,2.0,0.0,massive brick,259.65
Residential,Single family house,Europe,France,2.0,1.0,0.0,massive brick,56.089999999999996
Residential,Single family house,Europe,France,2.0,2.0,0.0,massive brick,341.925
Residential,Single family house,Europe,France,2.0,1.0,0.0,massive brick,527.8349999999999
Residential,Single family house,Europe,France,2.0,1.0,0.0,massive brick,70.11500000000001
Residential,Single family house,Europe,France,2.0,2.0,0.0,massive brick,323.955
Residential,Single family house,Europe,France,2.0,2.0,0.0,massive brick,384.835
Residential,Single family house,Europe,France,2.0,1.0,0.0,massive brick,62.315
Residential,Single family house,Europe,France,2.0,2.0,0.0,massive brick,446.02500000000003
Residential,Single family house,Europe,France,2.0,2.0,0.0,massive brick,108.98
Residential,Single family house,Europe,France,2.0,1.0,0.0,massive brick,63.275000000000006
Residential,Single family house,Europe,France,2.0,1.0,0.0,massive brick,67.42
Residential,Single family house,Europe,France,2.0,1.0,0.0,massive brick,48.33
Residential,Single family house,Europe,France,2.0,1.0,0.0,massive brick,40.485
Residential,Single family house,Europe,France,2.0,1.0,0.0,massive brick,48.065000000000005
Residential,Single family house,Europe,France,2.0,1.0,0.0,massive brick,60.02499999999999
Residential,Single family house,Europe,France,2.0,1.0,0.0,massive brick,66.455
Residential,Single family house,Europe,France,2.0,1.0,0.0,massive brick,57.330000000000005
Residential,Single family house,Europe,France,2.0,1.0,0.0,massive brick,58.050000000000004
Residential,Single family house,Europe,France,2.0,2.174486449339399,0.0,massive brick,53.815000000000005
Residential,Single family house,Europe,France,2.0,1.0,0.0,massive brick,83.78999999999999
Residential,Single family house,Europe,France,2.0,1.0,1.0,massive brick,625.025
Residential,Single family house,Europe,France,2.0,1.0,0.0,massive brick,78.53
Residential,Single family house,Europe,France,2.0,1.0,0.0,massive brick,270.15500000000003
Residential,Single family house,Europe,France,2.0,2.0,0.0,massive brick,717.6800000000001
Residential,Single family house,Europe,France,2.0,1.0,0.0,massive brick,96.34
Residential,Single family house,Europe,France,2.0,1.0,0.0,massive brick,673.98
Residential,Single family house,Europe,France,2.0,1.0,0.0,massive brick,72.285
Residential,Single family house,Europe,France,2.0,1.0,0.0,massive brick,392.98
Residential,Single family house,Europe,France,2.0,2.1731082023779003,0.0,massive brick,267.71500000000003
Residential,Single family house,Europe,France,2.0,2.0,0.0,massive brick,632.7149999999999
Residential,Single family house,Europe,France,2.0,2.173047397364893,0.0,massive brick,124.37
Residential,Single family house,Europe,France,2.0,2.0,0.0,massive brick,656.96
Residential,Single family house,Europe,France,2.0,2.0,0.0,massive brick,658.28
Residential,Single family house,Europe,France,2.0,2.0,0.0,massive brick,677.0649999999999
Residential,Single family house,Europe,France,2.0,2.0,0.0,massive brick,111.915
Residential,Single family house,Europe,France,2.0,1.0,0.0,massive brick,103.08
Residential,Multi-family house,Europe,France,17.0,4.0,0.0,frame concrete/wood,668.405
Residential,Multi-family house,Europe,France,17.0,4.0,0.0,frame concrete/wood,649.855
Residential,Single family house,Europe,France,2.0,1.0,0.0,massive brick,70.49499999999999
Residential,Single family house,Europe,France,2.0,1.0,0.0,massive brick,73.32499999999999
Residential,Single family house,Europe,France,2.0,1.0,0.0,massive brick,95.86
Residential,Multi-family house,Europe,France,42.0,3.0,0.0,frame wood,9.705
Residential,Multi-family house,Europe,France,23.0,2.540214460292124,0.0,massive concrete,571.72
Residential,Single family house,Europe,France,2.0,1.0,0.0,massive brick,52.75
Non-residential,School and Daycare,Europe,France,616.0,3.0,0.0,massive concrete,42.24
Non-residential,Office,Europe,France,3.0,1.0,0.0,massive concrete,217.04500000000002
Non-residential,Office,Europe,France,5.0,1.0,0.0,massive concrete,185.385
Residential,Multi-family house,Europe,France,50.0,4.0,0.0,massive brick,625.145
Residential,Multi-family house,Europe,France,50.0,3.0,0.0,massive brick,572.82
Residential,Single family house,Europe,France,2.0,2.0,1.0,massive brick,301.29
Residential,Single family house,Europe,France,3.0,2.0,0.0,massive brick,323.755
Residential,Single family house,Europe,France,2.0,3.0,1.0,massive brick,85.02499999999999
Residential,Single family house,Europe,France,2.0,3.0,0.0,massive brick,437.24499999999995
Residential,Single family house,Europe,France,6.0,2.0,0.0,massive brick,431.48999999999995
Residential,Single family house,Europe,France,3.0,2.0,0.0,massive brick,344.015
Residential,Single family house,Europe,France,2.0,2.0,0.0,massive brick,325.95
Residential,Multi-family house,Europe,France,11.0,3.0,0.0,massive brick,639.585
Residential,Single family house,Europe,France,2.0,2.0,0.0,massive brick,425.91
Residential,Single family house,Europe,France,2.0,2.0,0.0,massive brick,352.86
Residential,Single family house,Europe,France,2.0,2.0,0.0,massive brick,64.55
Residential,Single family house,Europe,France,2.0,2.0,1.0,massive brick,382.845
Residential,Single family house,Europe,France,2.0,2.0,1.0,massive brick,81.72500000000001
Residential,Single family house,Europe,France,2.0,2.0,0.0,massive brick,328.71000000000004
Residential,Single family house,Europe,France,3.0,2.0,0.0,massive brick,309.485
Residential,Single family house,Europe,France,2.0,2.0,0.0,massive brick,77.815
Residential,Single family house,Europe,France,2.0,2.0,1.0,massive brick,401.41499999999996
Residential,Single family house,Europe,France,2.0,2.0,1.0,massive brick,75.94999999999999
Residential,Single family house,Europe,France,2.0,2.0,0.0,massive brick,443.46
Residential,Multi-family house,Europe,France,44.91499122969009,3.0,0.0,massive brick,632.485
Residential,Multi-family house,Europe,France,11.0,1.0,0.0,frame concrete/wood,105.64499999999998
Residential,Multi-family house,Europe,France,47.0,5.0,1.0,frame concrete,627.2249999999999
Non-residential,Office,Europe,France,400.0,8.866011819015206,0.0,frame steel,81.655
Residential,Single family house,Europe,France,8.0,2.0,0.0,massive concrete,94.355
Residential,Multi-family house,Europe,France,75.0,4.0,1.0,frame concrete,491.16499999999996
Residential,Single family house,Europe,France,2.0,2.0,1.0,frame concrete,460.63
Residential,Single family house,Europe,France,2.0,2.0,0.0,massive concrete,76.99000000000001
Residential,Single family house,Europe,France,2.0,2.173047397364893,0.0,massive brick,71.735
Residential,Single family house,Europe,France,3.0,2.0,1.0,massive concrete,352.225
Residential,Single family house,Europe,France,2.0,2.0,0.0,massive concrete,435.515
Residential,Multi-family house,Europe,France,18.0,3.0,0.0,massive brick,512.39
Residential,Single family house,Europe,France,2.0,2.0,0.0,massive concrete,75.63
Residential,Multi-family house,Europe,France,25.0,2.5699081584108305,0.0,massive brick,611.495
Residential,Multi-family house,Europe,France,60.0,4.0,0.0,massive brick,119.09
Residential,Multi-family house,Europe,France,21.0,2.502778257183822,0.0,massive brick,575.89
Residential,Multi-family house,Europe,France,23.0,2.5366675012000317,0.0,massive brick,632.195
Residential,Single family house,Europe,France,2.0,2.0,0.0,massive concrete,397.83
Residential,Single family house,Europe,France,2.0,2.0,0.0,massive concrete,79.105
Residential,Single family house,Europe,France,2.0,2.0,1.0,frame concrete,65.815
Non-residential,School and Daycare,Europe,France,60.0,3.1398234870763906,0.0,massive brick,60.940000000000005
Non-residential,Office,Europe,France,288.0,5.0,0.0,massive brick,105.87500000000001
Residential,Single family house,Europe,France,2.0,3.0,1.0,massive concrete,85.19
Residential,Single family house,Europe,France,2.0,1.0,0.0,massive brick,112.53500000000001
Residential,Multi-family house,Europe,France,26.0,1.0,0.0,massive brick,611.405
Residential,Multi-family house,Europe,France,6.0,1.0,0.0,massive brick,14.825
Residential,Multi-family house,Europe,France,15.0,1.0,0.0,massive brick,14.505
Residential,Multi-family house,Europe,France,108.0,5.0,0.0,massive brick,118.36500000000001
Residential,Multi-family house,Europe,France,116.0,4.0,0.0,massive brick,95.74000000000001
